name	associated_skill	associated_weapon_groups	martial_tradition	title_veil	dao_veil	description	source	url
Black Seraph	Intimidate	Axes, flails, and pole arms	Black Thorn Knights	The Fallen	Gracedrinker	The secrets of the Black Seraph discipline are taught by possessing fiends and demonic tutors to their pawns as a way of enticing fools who desire power into learning their secrets or the occasional few with wills strong enough to tear those secrets from their infernal prisoners. Not ones to blanch at the thought of fighting dirty, Black Seraph disciples are quite content to injure their foes in any way that they can to ensure their victory. This discipline focuses on powerful, straightforward two-handed strikes and vicious counters as well as intimidation, pain-infliction, and dirty fighting.<br><br>The Black Seraph discipline's associated skill is Intimidate, and its associated weapon groups are axes, flails, and pole arms.<br><br>The discipline of Black Seraph is a supernatural discipline and all abilities within are considered supernatural abilities and follow the rules and restrictions of such. Many abilities in this discipline carry the [evil] descriptor, but not all of them.<br><br>Style Feats:<br><br>Combo Feats:	Path of War, pgs. 49–56	https://metzo.miraheze.org/wiki/Black_Seraph
Broken Blade	Acrobatics	Close, monk, and natural	Sultanate of Beggars	The Brawler	Battered Vow	Legend has it the first practitioner of the Broken Blade style was a powerful swordsman who in the middle of a life-or-death duel with an old enemy found his sword broken by his opponent and had to toss it aside. Disheartened by his lack of weapons, he quickly realized that his years of training, exercise, and conditioning had made his body a weapon all on its own. Using only his fists and his nerve, this long-forgotten swordsman became the first to develop this discipline’s techniques, and he passed his experience on to others. Disciples of the Broken Blade teach these methods in monasteries, to cloistered warrior-monks who learn to operate without the use of traditional weapons of combat. Others learn from parents or individual mentors, haphazard or otherwise, and scrap their way through as it suits them. The Broken Blade’s associated skill is Acrobatics, and its associated weapon groups are close, monk, and natural.<br><br>Maneuvers from this discipline require the initiator to be using discipline weapons or be unarmed. Use of discipline-specific weapons with Broken Blade inflict an additional 2 points of damage.<br><br>Style Feats:	Path of War, pgs. 56–63	https://metzo.miraheze.org/wiki/Broken_Blade
Cursed Razor	Spellcraft	Heavy blades, light blades, and spears	The Quills	The Nightmare	Athame of the Warlock	The discipline known now as Cursed Razor has dark origins indeed, spawned forth from the bodyguards of an ancient demonic cult. Tapping into the power of their own malevolence, these warrior-warlocks struck their opponents down with dark curses channeled through their weapons and developed techniques to project maleficent auras that sapped away at the bodies and minds of their enemies. Since then Cursed Razor has spread far beyond the now-dead cult, which taught other students before its demise, left books of its secrets lying around, or else simply inspired others with demonstrations of its entropic power. Though the techniques of Cursed Razor stem from the inborn malice found in any sapient mind, its powers are not necessarily evil—pragmatic, certainly, and utterly lacking in any sense of fair play, but not evil. Knights and champions in the mortal realm seeking the weapons to combat evil turn to Cursed Razor to gain an edge on their fiendish foes, or as a way of acknowledging the terrible truth of evil’s place in the multiverse while at the same time casting their defiance in its teeth. Maneuvers from the Cursed Razor discipline are imbued and enhanced with magical energies; as such, they are supernatural abilities. Cursed Razor’s associated skill is Spellcraft, and its associated weapon groups are heavy blades, light blades, and spears.<br><br>Maneuvers from this discipline are imbued and enhanced with magical energies. As such, they are supernatural abilities.<br><br>Curse Maneuvers: Some maneuvers in Cursed Razor have the curse descriptor. These maneuvers, much like spells with the curse descriptor, use persistent, malicious energies to inflict penalties on their victims. A creature immune to curses is immune to the effects of these maneuvers, with the exception of any weapon damage inflicted by them.<br><br>Many of these curse maneuvers inflict a new condition: cursed. By itself, the cursed condition does nothing, but many maneuvers or abilities have an increased effect on cursed creatures, or can only be used on cursed creatures (see individual maneuver descriptions for more information on how they interact with the cursed condition). Spells with the curse descriptor also apply the cursed condition for a duration equal to the spell's duration. Multiple applications of the cursed condition do not overlap; instead the duration of each new application of the condition is added to the remaining duration of the previous application. The successful use of break enchantment, remove curse, or similar effects removes the cursed condition from the target in addition to their normal effects.<br><br>Style Feats:<br><br>Cursed Razor Special Note: Maneuvers from this discipline are imbued and enhanced with magical energies. As such, they are supernatural abilities.	Path of War Expanded, pgs. 108–114	https://metzo.miraheze.org/wiki/Cursed_Razor
Elemental Flux	Spellcraft	Light blades, monk, and thrown	Cagebreaker Brotherhood	The Primordial	Kusanagi's Woe	Equal parts martial discipline and magical art form, the discipline of Elemental Flux is a martial art that is said to have roots in the bloodlines of genies and their mortal descendants. By tapping their magical natures, they were able to pioneer a style of fighting that channeled their innate magic into a cohesive fighting style. Those descended from these original genie battle masters passed their talents down through the generations, and the discipline proliferated from there. In the current day, practitioners of Elemental Flux blend arcane elemental energies with martial strikes to create a dizzying array of quasi-arcane, magic-infused attacks that spell devastation and ruin to enemies. Elemental Flux’s associated skill is Spellcraft, and its associated weapon groups are light blades, monk, and thrown.<br><br>Maneuvers from this discipline are universally supernatural in nature, drawing as they do on the initiator’s ability to manipulate the elements. As such, they are supernatural abilities. In addition, many maneuvers within the Elemental Flux discipline may be augmented and improved by spending one or more points of animus (see the mystic base class or the Tap Animus feat for more details) when initiating the maneuver. Unless otherwise noted, you can only augment an individual maneuver once. Unlike a mystic’s normal animus augmentations, the number of animus points spent on Elemental Flux augmentations is not limited by your mystic level. Instead, you can spend a maximum amount of animus augmenting a maneuver equal to one point plus one additional point of animus for every seven initiator levels you possess. If you have the ability to augment your maneuvers in other ways, such as from a class feature or other ability, this cannot be combined with the augments of Elemental Flux maneuvers; you must choose which augmentation type to use when initiating the maneuver.<br><br>Active Elements: Many Elemental Flux maneuvers deal damage of the initiator’s active element’s associated energy type. The four available active elements (and their associated energy type) are air (electricity), earth (acid), fire (fire), and water (cold). A character that knows at least one Elemental Flux maneuver chooses his active element when he readies his maneuvers, and can change it by focusing as a standard action. A character can only have one active element at a time. An Elemental Flux maneuver that deals energy damage gains that damage type as a descriptor. If a character is psionic, they can change their active energy type whenever they change their active element, and vice versa. A psionic character’s active energy type need not match their active element.<br><br>Style Feats:	Path of War Expanded, pgs. 114–122	https://metzo.miraheze.org/wiki/Elemental_Flux
Eternal Guardian	Intimidate	Hammers, heavy blades, and polearms	Loyal Order of the Branded Waerloch	The Watcher	Guanyin's Golden Burden	The exact origins of the discipline of the Eternal Guardian are difficult to determine due to the style’s incredible age. One legend claims it was created by the god who first separated the planes, dividing the mortal from the immortal, while another story insists that it was founded by a single warrior who swore to defend his city from an entire invading army. These stories reflect the core of the discipline: A total devotion to a promise—usually either an oath to an ally that they will survive, no matter the cost to the disciple, or a curse on a foe that they will never escape. Today, the discipline of the Eternal Guardian has spread far and wide: It is used by bodyguards in the palaces of kings, sentinels of occult orders, and humble night watchmen making their rounds. The discipline of the Eternal Guardian and all of its maneuvers and stances are considered to be supernatural abilities and thus do not function in situations where supernatural abilities will fail. Eternal Guardian’s associated skill is Intimidate, and its associated weapon groups are hammers, heavy blades, and polearms.<br><br>Curse Maneuvers: Some maneuvers in Eternal Guardian have the curse descriptor. These maneuvers, much like spells with the curse descriptor, use persistent, malicious energies to inflict penalties on their victims. A creature immune to curses is immune to the effects of these maneuvers, with the exception of any weapon damage inflicted by them.<br><br>Many of these curse maneuvers inflict a new condition: cursed. By itself, the cursed condition does nothing, but many maneuvers or abilities have an increased effect on cursed creatures, or can only be used on cursed creatures (see individual maneuver descriptions for more information on how they interact with the cursed condition). Spells with the curse descriptor also apply the cursed condition for a duration equal to the spell’s duration. Multiple applications of the cursed condition do not overlap; instead the duration of each new application of the condition is added to the remaining duration of the previous application. The successful use of break enchantment, remove curse, or similar effects removes the cursed condition from the target in addition to their normal effects<br><br>Style Feats:<br><br>Combo Feats:<br><br>Special Note: Maneuvers from this discipline are universally supernatural in nature, drawing as they do on the initiator’s ability to manipulate fear. As such, they are supernatural abilities.	Path of War Expanded, pgs. 122–129	https://metzo.miraheze.org/wiki/Eternal_Guardian
Fool's Errand	Climb	All weapons	The Fellowship of Fools	The Skirmisher	Ruyi Jingu Bang	In the annals of history, as the story goes, a lone warrior appeared from nowhere and laid down a challenge: stop him. He tore a bloody path across the martial arts world, and eventually stood alone, undefeated and surrounded by the broken bodies of his victims. Afterwards, the warrior offered to teach his skills to those who dared to learn. The seemingly-impossible demands and trials his teachings entailed were off-putting to many, and those who managed to succeed became mediocre martial artists at best. It was not until he was hunted down by the son of one he had slain that the truth was revealed. The warrior was not a martial artist but a mage, and had triumphed in his battles through heavy use of obfuscated magic and hidden items. When called out on this falsehood, the mage laughed it off, claiming that his way was the epitome of martial skill—that to train the body instead of the mind was, and always would be, a “fool’s errand.”<br><br>Naturally, some took this as a challenge. A group of master martial artists took his “teachings” and repurposed them, finding meaning in the mage’s lies. Rather than rewriting his training manuals, they decided to take them at face value, channeling their spite to achieve the dangerous, stupid, and seemingly-impossible. After they eventually succeeded, the result was an eclectic mix of pilfered techniques and improbable metaphors that nonetheless resembled a functional style of martial arts. The group of masters later compiled their newfound knowledge into new teachings, and christening the discipline the Fool’s Errand, after its inventor’s contemptuous remark.<br><br>Fool’s Errand’s associated skill is Climb, and all weapons are associated weapons of the discipline.<br><br>Special Rules: The Fool's Errand discipline has several special rules regarding its access and use.<br><br>Fool’s Errand draws on many styles’ techniques, and as such is relatively easy to pick up. A student of its teachings often finds that their first step is merely to learn to blend their own arts with those of the discipline. As such, any character of any class can access the Fool’s Errand discipline by trading one of their available disciplines for it. If they do, they gain Climb as a class skill.<br><br>Many Fool’s Errand maneuvers direct the initiator to make one or more unarmed strikes against a target. Unarmed strikes made as part of Fool’s Errand strikes use the initiator’s highest attack bonus, may deal lethal or nonlethal damage, and do not provoke attacks of opportunity (as if the initiator possessed the Improved Unarmed Strike feat). A character may make these attacks with any part of his body, and applies his full Strength bonus on damage rolls. They can even make these attacks if their hands are full or if they attacked with each of their hands already this turn.<br><br>In all other ways, these are treated as normal unarmed strikes (including gaining benefits from class features, feats, magic items, and the like). These benefits apply to all unarmed strikes made as part of Fool’s Errand strikes, not just additional ones that a strike may grant. If the character cannot make their additional unarmed strikes from a Fool’s Errand maneuver (such as if they used the steel-shattering fist maneuver with a ranged weapon against a target outside their reach), they may still initiate the maneuver without making these attacks.<br><br>A character cannot substitute other weapons for the additional unarmed strikes granted by Fool’s Errand maneuvers, even if they have an ability that would normally allow them to use a weapon as if it were an unarmed strike. Gauntlets, however, can be used freely, as attacks with gauntlets are considered unarmed strikes by default.<br><br>Several Fool’s Errand maneuvers and related abilities allow you to lock your target. You may only lock creatures within your melee reach (including that of reach weapons or other effects that extend your reach). Locking a creature does not provoke attacks of opportunity, and even though it is not an attack, it is treated as a melee attack for the purposes of targeting, line of effect, miss chances, and ending an invisibility spell or similar effects. Attempting to lock or drag a creature ends any Stealth you have, though you can still use Stealth after you've locked a creature (if you are otherwise able to do so while observed, such as by having the hide in plain sight ability or making a successful Bluff check). Similarly, locked creatures can use Stealth against you if they have a means to do so, through successfully hiding from you using Stealth does not end the lock.<br><br>A creature targeted by a character’s lock must succeed at a Reflex save (DC 12 + 1/2 your highest initiator level + your Strength modifier or highest initiation modifier, whichever is higher) or become locked. Locking counts as a Fool's Errand maneuver for the purposes of abilities or effects that increase a maneuver's save DC, and the bonus for using a discipline weapon as part of the attempt is already included in the DC. If you can substitute another ability modifier for melee attack rolls or CMB checks (such as through the Weapon Finesse or Agile Maneuvers feats, or the soulknife’s Focused Offense blade skill), you may use that ability instead of your Strength or initiation modifier for determining your lock save DC.<br><br>Once you’ve locked a creature, they cannot voluntarily move from their space without escaping the lock (see below). If you lock another creature that is flying or otherwise midair, they remain in the air and do not fall. As this is an ability that hinders movement, creatures under the effects of a freedom of movement spell or slip the bonds power cannot be locked. You can end the lock as a free action, and it automatically ends if the locked creature is no longer within your reach.<br><br>You can move freely as long as each creature you’ve locked remains within your reach, or can drag creatures when you move by moving at half speed. If your movement takes place during a maneuver, you can drag creatures by halving the distance you would normally move (to a minimum of 5 feet, even if halving it would result in a lower distance). You must still follow all the restrictions of your movement (such as where you can move, or where you must end your movement).<br><br>When dragging a creature, they move in the same direction as you, relative to your spaces (even if that movement takes them to a harmful location). If you would drag them into a space they cannot enter (such as a wall or that of another creature), you must either relinquish your lock on them, change direction, or stop moving. Otherwise, you can freely drag them along with you, regardless of your relative sizes or location. The movement of dragged creatures does not provoke attacks of opportunity, and your movement does not provoke attacks of opportunity from creatures you’re dragging. If you would drag a creature into a space that can’t support them or a hazardous location (such as the air for a nonflying creature or a pit of lava), they may make a saving throw to escape the lock (see below). If they succeed, they are not dragged, escape the lock, and fall prone in their space.<br><br>On its turn, a creature can attempt to escape your lock whenever it tries to move. In order to do so, the creature must succeed at a Reflex save with the same DC as when they were locked. A creature can use their Strength instead of their Dexterity on this saving throw (but not the one to evade the initial lock). Success indicates that the locked creature escapes and can move freely; failure means they remain locked, though their action is still spent (and are treated as having moved, for the purposes of taking 5-foot steps). Teleportation effects allow a creature to automatically escape your lock, as do effects that cause you to no longer have the creature within your reach. A creature that does not attempt to move during their turn can make a Reflex save against the lock as a free action at the end of that turn. You cannot lock a creature in the same turn that it escaped your lock.<br><br>If you become helpless, all of your locked creatures are released.	Divergent Paths: Fool's Errand, pgs. 2–12	https://metzo.miraheze.org/wiki/Fool%27s_Errand
Golden Lion	Diplomacy	Heavy blades, hammers, and pole arms	Descendants of the Golden Council	The Warlord	Song of Battle	The discipline of Golden Lion is a practice passed between war leaders, chieftains, generals, and militia leaders over the generations, meant to bring a group of warriors together into one cohesive unit. Golden Lion is a discipline that only greatly benefits a warrior who believes strongly in teamwork. The larger the group, the more who can benefit from the skilled leadership of a dedicated commander. Golden Lion benefits its practitioners indirectly, by aiding their allies instead. Because of this association with team work and working in groups with many differing people, the associated skill for this discipline is Diplomacy, and its associated weapon groups are heavy blades, hammers, and pole arms.<br><br>Style Feats:<br><br>Combo Feats:	Path of War, pgs. 63–69	https://metzo.miraheze.org/wiki/Golden_Lion
Iron Tortoise	Bluff	Axes, heavy blades, and close weapons	Defenders of the Realm	The Protector	Shogun's Gunbai	The discipline known as Iron Tortoise rose up from the need to protect one’s self and allies from harm during wartime. Phalanx fighters knew that their shield protected them as much as their brother, and that a sturdy shield wall could repel almost any harm. Iron Tortoise disciples learn that their discipline requires their defensive stances to be perfect; they must not be budged from their spot unless they choose to move from them. Iron Tortoise requires its practitioners be proficient with a shield, and many of its maneuvers can only be used with a shield or shield-like device. The Iron Tortoise discipline’s associated skill is Bluff, and its associated weapon groups are axes, heavy blades, and close weapons.<br><br>Maneuvers from Iron Tortoise require use of a shield in one hand. Animated shields are not allowed as they do not allow the full range of motions required to use these maneuvers. Tower shields may be used, but cannot be used to perform shield bash maneuvers unless the initiator has the ability to perform shield bashes with tower shields.<br><br>Style Feats:<br><br>Combo Feats:	Path of War, pgs. 69–76	https://metzo.miraheze.org/wiki/Iron_Tortoise
Mithral Current	Perform (dance)	Light blades, heavy blades, and polearms	Lens Maker Society	The Wind	Soundless Crash	Like the flashing rapids, thundering waterfalls and deep, silent depths of the ocean, disciples of Mithral Current embody the many forms and ever changing nature of water. The art of Mithral Current’s bladework began as a set of scattered abilities found across several different island nations. Through frequent cultural exchange, trade and war these techniques spread and mixed forming a unique style that blended the culture and history of many peoples. The discipline found its use among all walks of life, from noble palaces where the drawing of a blade was an act of social suicide to the slums of portside cities where a hidden blade was the only thing that could keep one safe. Mithral Current’s associated skill is Perform (dance), and its associated weapon groups are light blades, heavy blades, and polearms.<br><br>The Fine Art of Iaijutsu: Disciples of the Mithral Current discipline are swift -striking warriors, and many of their maneuvers gain an added benefit if the disciple “draws their weapon as part of the attack.” For purposes of game mechanics, this means that the disciple has their weapon sheathed before initiating the maneuver, has the Quick Draw feat or a base attack bonus of +1 (allowing them to draw their weapon as part of a move action) and is initiating the maneuver using the weapon that is sheathed, drawing that weapon as a free action prior to initiating the maneuver (this can be done even if it isn’t their turn). As long as all three conditions are met, the Mithral Current disciple meets the requirements for these bonus effects to activate when initiating these maneuvers. A weapon is considered sheathed if it is in a non-threatening position, such as a monk putting their hands at their sides or in their pockets, a spear wielder pointing the tip of their spear into the ground, a soulknife with an unformed mind blade, or even a samurai keeping their katana in its sheath. The terminology of sheathing the weapon is only intended to serve as a shorthand for any number of ways a warrior can present themselves as non-threatening with their weapon.<br><br>Style Feats:<br><br>Combo Feats:	Path of War Expanded, pgs. 129–135	https://metzo.miraheze.org/wiki/Mithral_Current
Piercing Thunder	Acrobatics	Polearms and spears	Reverents of the Lance	The Stormbringer	Sky's Fury	The Piercing Thunder discipline finds its traditions rooted in one of the oldest weapons known to intelligent beings: the spear. Be this spear fought in melee, tossed to hunt, or used as part of a charge, the spear, and later the polearm, has been a standard in military practice. Those who follow Piercing Thunder’s teachings know that these mighty hafted weapons are equally at home in the hands of a warrior on the battlefield as they are in those of a poor peasant militiaman—the spear knows no rank, only skill. Piercing Thunder shows superiority through the overwhelming force granted by reach and mobility. Piercing Thunder’s associated skill is Acrobatics, and its associated weapon groups are polearms and spears.<br><br>Style Feats:<br><br>Combo Feats:<br><br>Special Note: The specialized nature of some Piercing Thunder maneuvers requires you to be wielding a discipline weapon or a weapon that inflicts piercing damage. If you are not wielding such a weapon, then you cannot perform those maneuvers. In addition, while you maintain a Piercing Thunder stance, you can retrieve unattended weapons as a free action, provided the weapon is within your reach at some point during your turn (including as part of movement).	Path of War Expanded, pgs. 135–142	https://metzo.miraheze.org/wiki/Piercing_Thunder
Primal Fury	Survival	Axes, heavy blades, and hammers	Bloody Fangs	The Mighty	Sigil of Wrath	The way of the Primal Fury is a simple method of undeniable ferocity coupled with unstoppable aggression in the face of the enemy. By focusing the cold rage within a warrior’s heart and combining that power with calculated skill and intellect, the Primal Fury practitioner is a force of remorseless warfare that is capable of truly devastating shows of force. Learned by those emulating the hunt and attack methods of great cats, such as pumas, lions, leopards, and tigers, the early practitioners of this discipline spread throughout the world, teaching it nearly everywhere. Many even regard this discipline as the oldest of all disciplines. The disciples of the Primal Fury have a few unifying principles, however, and that is firstly survival. All disciples of the Primal Fury are survivors of hardships in battle, trading blows stoically and fighting on with indomitable will to live to fight again. This drive to victory makes many of them very taciturn, but others simply shrug off the specter of death and focus more on the moment. The associated skill for the Primal Fury discipline is Survival, and its associated weapon groups are axes, heavy blades, and hammers.<br><br>Style Feats:	Path of War, pgs. 76–82	https://metzo.miraheze.org/wiki/Primal_Fury
Radiant Dawn	Diplomacy	Bows, flails, hammers, polearms, and the Sun’s Gleam ability				Brought forth by the desire to rule, and shaped on the battlefield through ages of conflict, Radiant Dawn is a discipline that is steeped in blood and akasha. In ages where conflict and war are common, those with this discipline watch over the battlefield like the sun in the sky, directing allies to seize victory, while hindering enemies powerful abilities to shift the tide of battle into their favor. In ages where conflict has been distant, Radiant Dawn has existed as an akashic meditative exercise amongst rulers and nobility. Regardless of what form it takes, practitioners of the Radiant Dawn strive to be like the sun itself: Above all.<br><br>Knowledge of Radiant Dawn maneuvers grants Essence equal to the number of maneuvers and stances known, to a maximum of the highest level Radiant Dawn maneuver or stance they know.<br><br>Maneuvers from the Radiant Dawn discipline are imbued and enhanced with akashic energies; as such, they are supernatural abilities. Radiant Dawn’s associated skill is Diplomacy, and its associated weapon groups are bows, flails, hammers, polearms, and the Sun’s Gleam ability.<br><br>Essence: Every creature has a finite amount of essence in their being, referred to as an essence pool. While essence is not typically expended when maneuvers or other akashic effects are activated, a given creature can only devote a certain amount of essence to any particular maneuver. This is done by investing the essence into the chosen receptacle, which could be a Radiant Dawn maneuver, akashic feat, or other ability. Investing essence or changing where essence is invested is a swift action.<br><br>Essence invested into a maneuver is temporarily bound when that maneuver is expended, and cannot be recovered or reassigned to another receptacle until that maneuver is recovered.<br><br>Essence Capacity: However large your Essence pool is, you can only invest a certain amount of Essence into any one Veil, feat, class feature, magic item, or other Akashic receptacle. Your character level determines this Essence capacity as shown below, though some feats, class features, magic items, or other abilities or effects may modify your base capacity:	Divergent Paths: Rajah	https://www.d20pfsrd.com/alternative-rule-systems/3rd-party-rules-systems/path-of-war/disciplines-and-maneuvers/alternative-rule-systems-path-of-war-disciplines-and-maneuvers-radiant-dawn-maneuvers/
Riven Hourglass	Autohypnosis	Flails, hammers, and light blades	Lords of the Wheel	The Memory	Riving Spike	Time exists. No one can deny this fact that time inexorably marches forward and brings all things to crumbling ruin, to death, and to dissolution. For others, time brings great things, as when things mature they grow and change, become more beautiful or potent. At the end of all things, the sand in the hourglass always falls and time passes. Some souls rejected this notion, and learned through skill with a blade to cleave the hourglass in twain and alter the passage of time to their benefit. Thus, the Riven Hourglass discipline was born. Students of this discipline believe that within each being there is an Hourglass in their soul, and within this hourglass resides the sands that flow endlessly towards the end of a creature’s time in the world. By manipulating their own Hourglass and that of others, the practitioners of this art show that through will, determination, and the use of the sands of time within all beings that battle can be won before it has even begun. Riven Hourglass disciples are capable of seeing minute flows in the endlessly flowing sands of time and are capable of making decisions in the moments when they need to be made. Riven Hourglass’ associated skill is Autohypnosis, and its associated weapon groups are flails, hammers, and light blades.<br><br>Style Feats:<br><br>Combo Feats:<br><br>Special Note: Maneuvers from this discipline are universally supernatural in nature, drawing as they do on the initiator’s connection to the timestream and the manipulation of their Hourglass. As such, they are supernatural abilities.	Path of War Expanded, pgs. 142–148	https://metzo.miraheze.org/wiki/Riven_Hourglass
Scarlet Throne	Sense Motive	Heavy blades, light blades, and spears	Scarlet Sentinels	The Duelist	Implacable Decree	The discipline of Scarlet Throne arose in the battling aristocracies of the world, where its nobles initially only practiced dueling styles that were of little use. When war came, these nobles found their abilities were sorely under-prepared for the rigors of true combat. Combining their roots in the dueling arts dueling and subsequent training by masters of practical combat and leadership, the Scarlet Throne style was born. Regal and unflinching, a practitioner of Scarlet Throne owns any field of battle he walks upon, for it is his court and there he rules, painting his chambers red with the blood of his enemies. The associated skill for this discipline is Sense Motive, and its associated weapon groups are heavy blades, light blades, and spears.<br><br>All Scarlet Throne maneuvers and stances require that the initiator not be using any kind of shield in their off-hand (including animated shields) while initiating a maneuver or while using a martial stance of this discipline. The initiator may use bucklers or rings of force shield or an effect that grants a shield bonus to his AC, just not a physical shield larger than a buckler. He must either have his off-hand empty, or be wielding a weapon two-handed to use this discipline.<br><br>Style Feats:	Path of War, pgs. 82–89	https://metzo.miraheze.org/wiki/Scarlet_Throne
Shattered Mirror	Craft (glassmaking)<br>Craft (painting)<br>Craft (sculpture)<br>Craft (sketching)	Heavy blades, light blades, and close weapons	Stained Glass Champions	The Twins	Twisted View	The strange and, in some ways, disquieting discipline known as Shattered Mirror is ancient and misunderstood. Many conflicting tales of its origins and practice exist, crediting its invention to a variety sources. Perhaps the most well-known story of its origin places blame for it at the feet of a mirror of opposition triggered by a great warrior caught in the midst of a magical conflict. The mirror’s powerful magics were pulled and warped by the flying spells and magical taint and the being it coughed forth came out wrong, unable to return to its home. Deprived of its homeland and its true and proper nature, it traveled the lands seeking power over reflections in an effort to return. The product of its failure, says the legend, is Shattered Mirror, which is still practiced to this day by those who seek power over reflections both true and deceptive. Shattered Mirror’s associated skills are Craft (glassmaking), Craft (painting), Craft (sculpture), and Craft (sketching), and its associated weapon groups as heavy blades, light blades, and close weapons. Some maneuvers from this discipline require the initiator to make a Craft check; these checks must use one of the Craft skills associated with Shattered Mirror.<br><br>Style Feats:<br><br>Combo Feats:<br><br>Special Note: Maneuvers from this discipline are universally supernatural in nature, drawing as they do on the initiator’s ability to twist reality and reflect upon both themselves and others. As such, they are supernatural abilities. Some maneuvers from this discipline require the initiator to make a Craft check; these checks must use one of the Craft skills associated with the Shattered Mirror discipline.	Path of War Expanded, pgs. 148–154	https://metzo.miraheze.org/wiki/Shattered_Mirror
Silver Crane	Perception	Bows, hammers, and spears	Empyreal Guardians	The Benevolent	Emerald Blade of the Fallen King	Disciples of the Silver Crane are men and women for whom the power of the celestial and divine flow into the arts of their blade. The Silver Crane is a goodly discipline that is inspired by the teachings of good aligned outsiders. It focuses on strong strikes designed to combat evil, celestial insights, and combat-predictions to defeat foes and enable the initiator and his allies to endure the hardships of battle against the forces of evil. Upon learning the art of Silver Crane, the disciple becomes in tune with the flows of the celestial realm, gaining heavenly insights into combat as if the angels themselves were granting insight to the warrior in battle. The Silver Crane discipline’s associated skill is Perception, and its associated weapon groups are bows, hammers, and spears.<br><br>A character may also choose to strike incorporeal foes with strikes made from this discipline as if they were made manifest, including fiends and other entities who currently possess a creature. To strike a possessing creature, the body they inhabit must be also struck, but all damage from the attack is inflicted upon the possessing fiend without harming the host.<br><br>The discipline of Silver Crane is to be considered a supernatural discipline and all abilities within are considered supernatural abilities and follow the rules and restrictions of such. All abilities in this discipline carry the [Good] descriptor.<br><br>Style Feats:<br><br>Combo Feats:<br><br>Special Note: The discipline of Silver Crane is to be considered a supernatural discipline and all abilities within are considered supernatural abilities and follow the rules and restrictions of such. All abilities in this discipline carry the [Good] descriptor.<br><br>Sacred damage comes from attacks that are heavily infused with the power of sheer Good and carry this holy power over as a form of harmful energy to evil-aligned beings. Sacred damage deals full damage to incorporeal targets, and deals damage as if the weapon were good-aligned. As it is not a weapon damage type, it automatically bypasses all damage reduction.<br><br>(Editor's Note: Previously, sacred damage dealt an extra 50% damage to evil-aligned targets. This has since been changed in errata to function as shown in the above box. Some maneuvers and feats may work differently after this change.)	Path of War, pgs. 89–95	https://metzo.miraheze.org/wiki/Silver_Crane
Sleeping Goddess	Autohypnosis	Flails, heavy blades, monk, and spears. Weapons created by Sleeping Goddess maneuvers and form mind blade (or equivalent).	Servants of the Sacred Hymn	The Resolute	Sigil of Mentalism	Though some put their trust in a well-crafted sword or a solid shield, the greatest warriors know that a tempered mind and devotion to one’s ideals are the sharpest weapon and the toughest armor. A Sleeping Goddess adept strikes his deathblow not at the heart of his foe, but at the ideals and principles the foe devotes himself to, undermining his conceptual basis of reality. Through their mastery of psionics and overpowering force of belief, disciples of this discipline assert their presence on the world, transcending the shackles of reality and making their surroundings their own. A master of the discipline becomes unto a god; he rends minds asunder as easily as bodies and shakes the foundations of others’ beliefs merely by sharing his own. Sleeping Goddess’ associated skill is Autohypnosis, and its associated weapon groups are flails, heavy blades, monk, and spears. In addition, any weapon created by the form mind blade class feature or equivalent ability (such as a deadly fist’s empowered strikes, a psychic armory’s panoply of blades, or a soulbolt’s mind bolt) or by a Sleeping Goddess maneuver is treated as a discipline weapon.<br><br>Maneuvers from the Sleeping Goddess discipline actively draw on the initiator’s psionics talents. As such, they are supernatural abilities. In addition, some Sleeping Goddess maneuvers can be augmented by spending power points, similarly to a psionic power. You can spend a maximum number of power points augmenting a maneuver equal to one plus one additional power point for every four initiator levels you possess (up to a maximum of 6 at 20th level). If you have the ability to augment your maneuvers in other ways, such as from a class feature or other ability, this cannot be combined with the augments of Sleeping Goddess maneuvers; you must choose which augmentation type to use when initiating the maneuver.<br><br>Sleeping Goddess and Power Points: The Sleeping Goddess discipline unlocks the power of the mind, allowing its adepts to tap into their psionic talent. You gain power points equal to the highest level Sleeping Goddess maneuver you know (including stances), plus one additional power point for each Sleeping Goddess maneuver known beyond the first (including stances). If you already have a power point pool, you add those points to it. If you do not have a power point pool, you gain one as well as the psionic subtype. You do not gain bonus power points for a high initiation modifier (though you do gain bonus power points for having a high key ability score if you have levels in a manifester class, as normal).<br><br>Style Feats:	Path of War Expanded, pgs. 154–164	https://metzo.miraheze.org/wiki/Sleeping_Goddess
Solar Wind	Perception	Bows, crossbows, firearms, and thrown	Acolytes of the Arrow	The Specialist	Sun's Flare	The disciples of the Solar Wind learn their arts on the windy plains where they train to deliver deadly force and precision in any environment. Throwing weapons and archery are their tools, and they rarely miss. Hallmark maneuvers include ricochet maneuvers, deadly precision strikes, supernaturally forceful maneuvers that may fire through opponents in a deadly line, showers of phantom weapons that inflict true damage, and ranged attack counters which shoot enemy missiles from the sky. Solar Wind’s associated skill is Perception and its weapon groups are bows, crossbows, firearms, and thrown.<br><br>The Elements and Solar Wind: The traditionalists of the Solar Wind discipline teach their students the fie is the natural power of the sun, and while this art was developed in sunny mesas and rolling plateaus bathed in winds, there are other environments where the discipline was adapted. From the frozen fjords and frigid taigas comes the icy Glacial Frost variant (cold). From the tropical forests of the world comes the corrosive Virulent Spray variant (acid). Finally, hailing from stormy peaks of wave-tossed islands comes the electrical variant Oncoming Storm (electrical) variant. When a character possesses the Solar Wind discipline, they can decide which variant (if any) is used, changing the standard elemental damage type associated with Solar Wind to that of the variant chosen. This choice is made when the character gains access to the discipline—other variants can be learned whenever the character gains a level in a new class that possesses the Solar Wind martial discipline or through the Variable Wind feat.<br><br>Style Feats:<br><br>Combo Feats:<br><br>Special Note: The discipline of Solar Wind has many maneuvers considered supernatural abilities, and these maneuvers follow the same rules and restrictions.	Path of War, pgs. 95–102	https://metzo.miraheze.org/wiki/Solar_Wind
Steel Serpent	Heal	Light blades, close weapons, and monk weapons	Ordre des Repas Exotiques	The Venomous	Snakebite	Practice of the Steel Serpent discipline dates back to ancient times, hailing from those whose work was only practiced in the dark of night, in hidden cabals dedicated to the art of killing. Steel Serpent disciples practice the art of the silent kill, using stealth, trickery, and poison in addition to martial combat skill and knowledge of anatomy. Masters of this discipline are marvels of deadly precision, their very touch capable of killing the strongest of men through the manipulation of their ki used as a deadly weapon. This ki manipulation causes the disciple’s very energies to become a supernatural poison in and off itself. Swiftness and deadly precision are hallmarks of this discipline, and those that use it are known for making use of more exotic weapons. Knowledge of anatomy (of both targets and the self) is also incredibly important, as well as the knowledge of ki manipulation and how to effect the energies of the body. The associated skill for this discipline is Heal, and its associated weapon groups are light blades, close weapons, and monk weapons.<br><br>The discipline of Steel Serpent has many maneuvers that would be considered supernatural abilities, and are marked as such. These abilities follow the same rules as supernatural abilities.	Path of War, pgs. 102–109	https://metzo.miraheze.org/wiki/Steel_Serpent
Tempest Gale	Sleight of Hand	Bows, crossbows, firearms, and thrown.	Cirque de la Fumée	The Sniper	Sigil of Gales	Like the whipping winds of a great storm front, the arrows, slings, bullets and thrown weapons of a Tempest Gale disciple reach out across the battlefield to find their target without error. Developed from the skills of masterful archers who used trick shots and careful aim to bring down their foes, Tempest Gale is a discipline that specializes in targeted shots that can disable or destroy any foe. Tempest Gale’s associated skill is Sleight of Hand, and its associated weapon groups are bows, crossbows, firearms, and thrown.<br><br>Style Feats:<br><br>Special Note: Some Tempest Gale maneuvers allow the disciple to make a ranged combat maneuver attempt. Treat this as a normal combat maneuver, except that it does not provoke attacks of opportunity and may be executed against any creature the disciple could attack with their weapon. If the target is at a distance greater than one range increment, the normal penalty to attack rolls is instead applied to the combat maneuver attempt, as normal. In addition, while you maintain a Tempest Gale stance, you can retrieve unattended weapons as a free action, provided the weapon is within your reach at some point during your turn (including as part of movement).	Path of War Expanded, pg. 97	https://metzo.miraheze.org/wiki/Tempest_Gale
Thrashing Dragon	Acrobatics	Close weapons, light blades, and double weapons	Crashing Tempest Academy	The Dragon	Diving Talon, Flashing Fang	The discipline known as Thrashing Dragon has a long standing tradition amongst both ascetics and daredevils alike, as its movements and style fit both the dedication and tenacity of more disciplined fighters, as well as the erratic and improvisational style of free spirited warriors. Practitioners of the style are often lithe and nimble, graceful and quick, as the style demands speed and the ability to correct one’s movements fluidly. Thrashing Dragon is a demanding style that requires both agility and athletic ability. Its disciples are primarily two-weapon fighters, skilled with weapons that are used for quick slashes and stabs. It is an acrobatic style, using the disciple’s natural speed and grace to avoid blows as opposed to blocking them with their smaller weapons. Thrashing Dragon’s associated skill is Acrobatics, and its associated weapon groups are close weapons, light blades, and double weapons.<br><br>Many Thrashing Dragon maneuvers require that its practitioner be wielding two weapons (one in each hand or one weapon and unarmed strike), wielding a double weapon, using natural weapons, or be unarmed to utilize them.	Path of War, pgs. 109–116	https://metzo.miraheze.org/wiki/Thrashing_Dragon
Unquiet Grave	Knowledge (religion)	Axes, natural, polearms				Practitioners of Unquiet Grave utilize the power of negative energy, enhancing their attacks with entropic power. Thought to have originated from ancient vampiric warlords, this necromantic discipline is used to scourge living opponents and infuse its practitioners with the powers of undeath. Though somewhat rare, Unquiet Grave remains popular amongst undead warriors, as well as assassins who specialize in living victims.<br><br>Maneuvers of the Unquiet Grave discipline are infused with negative energy and the power of undeath. As such, they are supernatural abilities. Additionally, a creature that knows 1 or more Unquiet Grave strikes may expend one of those strikes as a standard action to touch a creature that is healed by negative energy and infuse it with negative energy; the touch heals the creature for 1d8 hit points per level of the expended strike. As usual, a strike must be readied before it may be expended.<br><br>Many maneuvers of the Unquiet Grave discipline have additional, or different, effects if the creature that initiates them is undead. These effects are marked “Grave Call” in the maneuvers’ descriptions. If an Unquiet Grave maneuver is initiated by a non-undead creature that is healed by negative energy, an undead creature that is healed by positive energy, or a creature with the graveblood subtype, then they may choose whether or not to utilize its grave call each time they initiate that maneuver. Additionally, some maneuvers of the Unquiet Grave discipline grant temporary hit points. These temporary hit points stack with themselves and with temporary hit points gained through other maneuvers of this discipline, up to a maximum equal to 1/2 the initiator’s normal maximum hit points, and last for up to 1 hour.<br><br>Associated Classes: Harbingers, mystics, stalkers, and warlords may exchange access to one of their martial disciplines for access to the Unquiet Grave discipline. They gain Knowledge (religion) as a class skill if they didn’t already have it.<br><br>Associated Weapon Groups: Axes, natural, polearms. Scythes are considered discipline weapons for the Unquiet Grave discipline.<br><br>Associated Skill: Knowledge (religion).<br><br>Order of Presentation: In the maneuver lists and descriptions, the maneuvers are grouped alphabetically by level.<br><br>Initiator Level: Some maneuvers effects depend on the initiator level, which is usually the character’s level in the class that provides access to martial maneuvers. The word “level” in the maneuver lists always refers to initiator level.<br><br>Creatures and Characters: “Creatures” and “characters” are used synonymously in the maneuver descriptions.	Lords of the Night	https://www.d20pfsrd.com/alternative-rule-systems/3rd-party-rules-systems/path-of-war/disciplines-and-maneuvers/unquiet-grave-maneuvers/
Veiled Moon	Stealth	Light blades, double weapons, and spears	The Wayward Path	The Ephemeral	Feathers of the Quakiin	As the stillness of the moon reflected upon a still pond, the spiritualist discipline of Veiled Moon is seen as a strange and esoteric art, whose mysteries are difficult to grasp, and even harder to practice! The practitioners of this discipline are said to be ‘half-in, half-out’ due to the fact that they seem to be living in two worlds; in fact, this is not far from the truth. Veiled Moon disciples have grasped connections to the Astral and Ethereal planes in their mind through intense meditation and a spiritual devotion to learning the ways of spirits and the natural world, and blended them seamlessly into a martial art so supernatural that it borders on the magical. A potent, yet passive, discipline, its esoteric abilities are often misunderstood. Maneuvers include short distance astral teleportation, ethereal abilities to become incorporeal or use incorporeal touch attacks to strike foes easily, force damage strikes, and the ability to cause foes to become incorporeal themselves. The key skill for Veiled Moon is Stealth, and its associated weapon groups are light blades, double weapons, and spears.<br><br>Special Note: The discipline of Veiled Moon and all of its maneuvers and stances are considered to be supernatural abilities and thus do not function in situations where supernatural abilities will fail. If the character is on an a plane that does not touch the Ethereal, then Veiled Moon maneuvers that specify that they use the Ethereal Plane do not function; all others function normally due to all planes connecting to the Astral Plane. Teleportation maneuvers require that the destination must be within line of sight to the initiator, and are usable with the Dimensional Agility line of feats. Also, maneuvers with the [Teleportation] tag only apply to the initiator himself, his gear and equipment, and up to 25 pounds of carried objects. Lastly, maneuvers with the [Mind-affecting] tag are considered enchantment effects for the purposes of saving throws and immunities.	Path of War, pgs. 116–123	https://metzo.miraheze.org/wiki/Veiled_Moon
