class	json_data
Alchemist	[["", "Spells Per Day"], ["Level", "Base Attack Bonus", "Fort Save", "Ref Save", "Will Save", "Special", "1st", "2nd", "3rd", "4th", "5th", "6th"], ["1st", "+0", "+2", "+2", "+0", "Alchemy, bomb 1d6, Brew Potion, mutagen, Throw Anything", "1", "-", "-", "-", "-", "-"], ["2nd", "+1", "+3", "+3", "+0", "Discovery, poison resistance +2, poison use", "2", "-", "-", "-", "-", "-"], ["3rd", "+2", "+3", "+3", "+1", "Bomb 2d6, swift alchemy", "3", "-", "-", "-", "-", "-"], ["4th", "+3", "+4", "+4", "+1", "Discovery", "3", "1", "-", "-", "-", "-"], ["5th", "+3", "+4", "+4", "+1", "Bomb 3d6, poison resistance +4", "4", "2", "-", "-", "-", "-"], ["6th", "+4", "+5", "+5", "+2", "Discovery, swift poisoning", "4", "3", "-", "-", "-", "-"], ["7th", "+5", "+5", "+5", "+2", "Bomb 4d6", "4", "3", "1", "-", "-", "-"], ["8th", "+6/+1", "+6", "+6", "+2", "Discovery, poison resistance +6", "4", "4", "2", "-", "-", "-"], ["9th", "+6/+1", "+6", "+6", "+3", "Bomb 5d6", "5", "4", "3", "-", "-", "-"], ["10th", "+7/+2", "+7", "+7", "+3", "Discovery, poison immunity", "5", "4", "3", "1", "-", "-"], ["11th", "+8/+3", "+7", "+7", "+3", "Bomb 6d6", "5", "4", "4", "2", "-", "-"], ["12th", "+9/+4", "+8", "+8", "+4", "Discovery", "5", "5", "4", "3", "-", "-"], ["13th", "+9/+4", "+8", "+8", "+4", "Bomb 7d6", "5", "5", "4", "3", "1", "-"], ["14th", "+10/+5", "+9", "+9", "+4", "Discovery, persistent mutagen", "5", "5", "4", "4", "2", "-"], ["15th", "+11/+6/+1", "+9", "+9", "+5", "Bomb 8d6", "5", "5", "5", "4", "3", "-"], ["16th", "+12/+7/+2", "+10", "+10", "+5", "Discovery", "5", "5", "5", "4", "3", "1"], ["17th", "+12/+7/+2", "+10", "+10", "+5", "Bomb 9d6", "5", "5", "5", "4", "4", "2"], ["18th", "+13/+8/+3", "+11", "+11", "+6", "Discovery, instant alchemy", "5", "5", "5", "5", "4", "3"], ["19th", "+14/+9/+4", "+11", "+11", "+6", "Bomb 10d6", "5", "5", "5", "5", "5", "4"], ["20th", "+15/+10/+5", "+12", "+12", "+6", "Grand discovery", "5", "5", "5", "5", "5", "5"]]
Antipaladin	[["", "Spells Per Day"], ["Level", "Base Attack Bonus", "Fort Save", "Ref Save", "Will Save", "Special", "1st", "2nd", "3rd", "4th"], ["1st", "+1", "+2", "+0", "+2", "Aura of evil, detect good, smite good 1/day", "-", "-", "-", "-"], ["2nd", "+2", "+3", "+0", "+3", "Touch of corruption, unholy resilience", "-", "-", "-", "-"], ["3rd", "+3", "+3", "+1", "+3", "Aura of cowardice, cruelty, plague bringer", "-", "-", "-", "-"], ["4th", "+4", "+4", "+1", "+4", "Channel negative energy, smite good 2/day", "0", "-", "-", "-"], ["5th", "+5", "+4", "+1", "+4", "Fiendish boon", "1", "-", "-", "-"], ["6th", "+6/+1", "+5", "+2", "+5", "Cruelty", "1", "-", "-", "-"], ["7th", "+7/+2", "+5", "+2", "+5", "Smite good 3/day", "1", "0", "-", "-"], ["8th", "+8/+3", "+6", "+2", "+6", "Aura of despair", "1", "1", "-", "-"], ["9th", "+9/+4", "+6", "+3", "+6", "Cruelty", "2", "1", "-", "-"], ["10th", "+10/+5", "+7", "+3", "+7", "Smite good 4/day", "2", "1", "0", "-"], ["11th", "+11/+6/+1", "+7", "+3", "+7", "Aura of vengeance", "2", "1", "1", "-"], ["12th", "+12/+7/+2", "+8", "+4", "+8", "Cruelty", "2", "2", "1", "-"], ["13th", "+13/+8/+3", "+8", "+4", "+8", "Smite good 5/day", "3", "2", "1", "0"], ["14th", "+14/+9/+4", "+9", "+4", "+9", "Aura of sin", "3", "2", "1", "1"], ["15th", "+15/+10/+5", "+9", "+5", "+9", "Cruelty", "3", "2", "2", "1"], ["16th", "+16/+11/+6/+1", "+10", "+5", "+10", "Smite good 6/day", "3", "3", "2", "1"], ["17th", "+17/+12/+7/+2", "+10", "+5", "+10", "Aura of depravity", "4", "3", "2", "1"], ["18th", "+18/+13/+8/+3", "+11", "+6", "+11", "Cruelty", "4", "3", "2", "2"], ["19th", "+19/+14/+9/+4", "+11", "+6", "+11", "Smite good 7/day", "4", "3", "3", "2"], ["20th", "+20/+15/+10/+5", "+12", "+6", "+12", "Unholy champion", "4", "4", "3", "3"]]
Arcanist	[["", "Spells Per Day"], ["Level", "Base Attack Bonus", "Fort Save", "Ref Save", "Will Save", "Special", "1st", "2nd", "3rd", "4th", "5th", "6th", "7th", "8th", "9th"], ["1st", "+0", "+0", "+0", "+2", "Arcane reservoir, arcanist exploit, cantrips, consume spells", "2", "-", "-", "-", "-", "-", "-", "-", "-"], ["2nd", "+1", "+0", "+0", "+3", "—", "3", "-", "-", "-", "-", "-", "-", "-", "-"], ["3rd", "+1", "+1", "+1", "+3", "Arcanist exploit", "4", "-", "-", "-", "-", "-", "-", "-", "-"], ["4th", "+2", "+1", "+1", "+4", "—", "4", "2", "-", "-", "-", "-", "-", "-", "-"], ["5th", "+2", "+1", "+1", "+4", "Arcanist exploit", "4", "3", "-", "-", "-", "-", "-", "-", "-"], ["6th", "+3", "+2", "+2", "+5", "—", "4", "4", "2", "-", "-", "-", "-", "-", "-"], ["7th", "+3", "+2", "+2", "+5", "Arcanist exploit", "4", "4", "3", "-", "-", "-", "-", "-", "-"], ["8th", "+4", "+2", "+2", "+6", "—", "4", "4", "4", "2", "-", "-", "-", "-", "-"], ["9th", "+4", "+3", "+3", "+6", "Arcanist exploit", "4", "4", "4", "3", "-", "-", "-", "-", "-"], ["10th", "+5", "+3", "+3", "+7", "—", "4", "4", "4", "4", "2", "-", "-", "-", "-"], ["11th", "+5", "+3", "+3", "+7", "Arcanist exploit, greater exploits", "4", "4", "4", "4", "3", "-", "-", "-", "-"], ["12th", "+6/+1", "+4", "+4", "+8", "—", "4", "4", "4", "4", "4", "2", "-", "-", "-"], ["13th", "+6/+1", "+4", "+4", "+8", "Arcanist exploit", "4", "4", "4", "4", "4", "3", "-", "-", "-"], ["14th", "+7/+2", "+4", "+4", "+9", "—", "4", "4", "4", "4", "4", "4", "2", "-", "-"], ["15th", "+7/+2", "+5", "+5", "+9", "Arcanist exploit", "4", "4", "4", "4", "4", "4", "3", "-", "-"], ["16th", "+8/+3", "+5", "+5", "+10", "—", "4", "4", "4", "4", "4", "4", "4", "2", "-"], ["17th", "+8/+3", "+5", "+5", "+10", "Arcanist exploit", "4", "4", "4", "4", "4", "4", "4", "3", "-"], ["18th", "+9/+4", "+6", "+6", "+11", "—", "4", "4", "4", "4", "4", "4", "4", "4", "2"], ["19th", "+9/+4", "+6", "+6", "+11", "Arcanist exploit", "4", "4", "4", "4", "4", "4", "4", "4", "3"], ["20th", "+10/+5", "+6", "+6", "+12", "Magical supremacy", "4", "4", "4", "4", "4", "4", "4", "4", "4"]]
Barbarian (Unchained)	[["Level", "Base Attack Bonus", "Fort Save", "Ref Save", "Will Save", "Special"], ["1st", "+1", "+2", "+0", "+0", "Fast movement, rage"], ["2nd", "+2", "+3", "+0", "+0", "Rage power, uncanny dodge"], ["3rd", "+3", "+3", "+1", "+1", "Danger sense +1"], ["4th", "+4", "+4", "+1", "+1", "Rage power"], ["5th", "+5", "+4", "+1", "+1", "Improved uncanny dodge"], ["6th", "+6/+1", "+5", "+2", "+2", "Danger sense +2, rage power"], ["7th", "+7/+2", "+5", "+2", "+2", "Damage reduction 1/-"], ["8th", "+8/+3", "+6", "+2", "+2", "Rage power"], ["9th", "+9/+4", "+6", "+3", "+3", "Danger sense +3"], ["10th", "+10/+5", "+7", "+3", "+3", "Damage reduction 2/-, rage power"], ["11th", "+11/+6/+1", "+7", "+3", "+3", "Greater rage"], ["12th", "+12/+7/+2", "+8", "+4", "+4", "Danger sense +4, rage power"], ["13th", "+13/+8/+3", "+8", "+4", "+4", "Damage reduction 3/-"], ["14th", "+14/+9/+4", "+9", "+4", "+4", "Indomitable will, rage power"], ["15th", "+15/+10/+5", "+9", "+5", "+5", "Danger sense +5"], ["16th", "+16/+11/+6/+1", "+10", "+5", "+5", "Damage reduction 4/-, rage power"], ["17th", "+17/+12/+7/+2", "+10", "+5", "+5", "Tireless rage"], ["18th", "+18/+13/+8/+3", "+11", "+6", "+6", "Danger sense +6, rage power"], ["19th", "+19/+14/+9/+4", "+11", "+6", "+6", "Damage reduction 5/-"], ["20th", "+20/+15/+10/+5", "+12", "+6", "+6", "Mighty rage, rage power"]]
Barbarian	[["Level", "Base Attack Bonus", "Fort Save", "Ref Save", "Will Save", "Special"], ["1st", "+1", "+2", "+0", "+0", "Fast movement, rage"], ["2nd", "+2", "+3", "+0", "+0", "Rage power, uncanny dodge"], ["3rd", "+3", "+3", "+1", "+1", "Trap sense +1"], ["4th", "+4", "+4", "+1", "+1", "Rage power"], ["5th", "+5", "+4", "+1", "+1", "Improved uncanny dodge"], ["6th", "+6/+1", "+5", "+2", "+2", "Rage power, Trap sense +2"], ["7th", "+7/+2", "+5", "+2", "+2", "Damage reduction 1/-"], ["8th", "+8/+3", "+6", "+2", "+2", "Rage power"], ["9th", "+9/+4", "+6", "+3", "+3", "Trap sense +3"], ["10th", "+10/+5", "+7", "+3", "+3", "Damage reduction 2/-, Rage power"], ["11th", "+11/+6/+1", "+7", "+3", "+3", "Greater rage"], ["12th", "+12/+7/+2", "+8", "+4", "+4", "Rage power, Trap sense +4"], ["13th", "+13/+8/+3", "+8", "+4", "+4", "Damage reduction 3/-"], ["14th", "+14/+9/+4", "+9", "+4", "+4", "Indomitable will, Rage power"], ["15th", "+15/+10/+5", "+9", "+5", "+5", "Trap sense +5"], ["16th", "+16/+11/+6/+1", "+10", "+5", "+5", "Damage reduction 4/-, Rage power"], ["17th", "+17/+12/+7/+2", "+10", "+5", "+5", "Tireless rage"], ["18th", "+18/+13/+8/+3", "+11", "+6", "+6", "Rage power, Trap sense +6"], ["19th", "+19/+14/+9/+4", "+11", "+6", "+6", "Damage reduction 5/-"], ["20th", "+20/+15/+10/+5", "+12", "+6", "+6", "Mighty rage, Rage power"]]
Bard	[["", "Spells Per Day"], ["Level", "Base Attack Bonus", "Fort Save", "Ref Save", "Will Save", "Special", "1st", "2nd", "3rd", "4th", "5th", "6th"], ["1st", "+0", "+0", "+2", "+2", "Bardic knowledge, bardic performance, cantrips, countersong, distraction, fascinate, inspire courage +1", "1", "-", "-", "-", "-", "-"], ["2nd", "+1", "+0", "+3", "+3", "Versatile performance, well-versed", "2", "-", "-", "-", "-", "-"], ["3rd", "+2", "+1", "+3", "+3", "Inspire competence +2", "3", "-", "-", "-", "-", "-"], ["4th", "+3", "+1", "+4", "+4", "—", "3", "1", "-", "-", "-", "-"], ["5th", "+3", "+1", "+4", "+4", "Inspire courage +2, lore master 1/day", "4", "2", "-", "-", "-", "-"], ["6th", "+4", "+2", "+5", "+5", "Suggestion, Versatile performance", "4", "3", "-", "-", "-", "-"], ["7th", "+5", "+2", "+5", "+5", "Inspire competence +3", "4", "3", "1", "-", "-", "-"], ["8th", "+6/+1", "+2", "+6", "+6", "Dirge of doom", "4", "4", "2", "-", "-", "-"], ["9th", "+6/+1", "+3", "+6", "+6", "Inspire greatness", "5", "4", "3", "-", "-", "-"], ["10th", "+7/+2", "+3", "+7", "+7", "Jack-of-all-trades, Versatile performance", "5", "4", "3", "1", "-", "-"], ["11th", "+8/+3", "+3", "+7", "+7", "Inspire competence +4, inspire courage +3, lore master 2/day", "5", "4", "4", "2", "-", "-"], ["12th", "+9/+4", "+4", "+8", "+8", "Soothing performance", "5", "5", "4", "3", "-", "-"], ["13th", "+9/+4", "+4", "+8", "+8", "—", "5", "5", "4", "3", "1", "-"], ["14th", "+10/+5", "+4", "+9", "+9", "Frightening tune, Versatile performance", "5", "5", "4", "4", "2", "-"], ["15th", "+11/+6/+1", "+5", "+9", "+9", "Inspire competence +5, inspire heroics", "5", "5", "5", "4", "3", "-"], ["16th", "+12/+7/+2", "+5", "+10", "+10", "—", "5", "5", "5", "4", "3", "1"], ["17th", "+12/+7/+2", "+5", "+10", "+10", "Inspire courage +4, lore master 3/day", "5", "5", "5", "4", "4", "2"], ["18th", "+13/+8/+3", "+6", "+11", "+11", "Mass suggestion, Versatile performance", "5", "5", "5", "5", "4", "3"], ["19th", "+14/+9/+4", "+6", "+11", "+11", "Inspire competence +6", "5", "5", "5", "5", "5", "4"], ["20th", "+15/+10/+5", "+6", "+12", "+12", "Deadly performance", "5", "5", "5", "5", "5", "5"]]
Bloodrager	[["", "Spells Per Day"], ["Level", "Base Attack Bonus", "Fort Save", "Ref Save", "Will Save", "Special", "1st", "2nd", "3rd", "4th"], ["1st", "+1", "+2", "+0", "+0", "Bloodline, bloodline power, bloodrage, fast movement", "-", "-", "-", "-"], ["2nd", "+2", "+3", "+0", "+0", "Uncanny dodge", "-", "-", "-", "-"], ["3rd", "+3", "+3", "+1", "+1", "Blood sanctuary", "-", "-", "-", "-"], ["4th", "+4", "+4", "+1", "+1", "Blood casting, bloodline power, eschew materials", "1", "-", "-", "-"], ["5th", "+5", "+4", "+1", "+1", "Improved uncanny dodge", "1", "-", "-", "-"], ["6th", "+6/+1", "+5", "+2", "+2", "Bloodline feat", "1", "-", "-", "-"], ["7th", "+7/+2", "+5", "+2", "+2", "Bloodline spell, damage reduction 1/-", "1", "1", "-", "-"], ["8th", "+8/+3", "+6", "+2", "+2", "Bloodline power", "1", "1", "-", "-"], ["9th", "+9/+4", "+6", "+3", "+3", "Bloodline feat", "2", "1", "-", "-"], ["10th", "+10/+5", "+7", "+3", "+3", "Bloodline spell, damage reduction 2/-", "2", "1", "1", "-"], ["11th", "+11/+6/+1", "+7", "+3", "+3", "Greater bloodrage", "2", "1", "1", "-"], ["12th", "+12/+7/+2", "+8", "+4", "+4", "Bloodline feat, bloodline power", "2", "2", "1", "-"], ["13th", "+13/+8/+3", "+8", "+4", "+4", "Bloodline spell, damage reduction 3/-", "3", "2", "1", "1"], ["14th", "+14/+9/+4", "+9", "+4", "+4", "Indomitable will", "3", "2", "1", "1"], ["15th", "+15/+10/+5", "+9", "+5", "+5", "Bloodline feat", "3", "2", "2", "1"], ["16th", "+16/+11/+6/+1", "+10", "+5", "+5", "Bloodline spell, bloodline power, damage reduction 4/-", "3", "3", "2", "1"], ["17th", "+17/+12/+7/+2", "+10", "+5", "+5", "Tireless bloodrage", "4", "3", "2", "1"], ["18th", "+18/+13/+8/+3", "+11", "+6", "+6", "Bloodline feat", "4", "3", "2", "2"], ["19th", "+19/+14/+9/+4", "+11", "+6", "+6", "Damage reduction 5/-", "4", "3", "3", "2"], ["20th", "+20/+15/+10/+5", "+12", "+6", "+6", "Bloodline power, mighty bloodrage", "4", "4", "3", "2"]]
Brawler	[["Level", "Base Attack Bonus", "Fort Save", "Ref Save", "Will Save", "Special", "Unarmed Damage"], ["1st", "+1", "+2", "+2", "+0", "Brawler's cunning, martial flexibility, martial training, unarmed strike", "1d6"], ["2nd", "+2", "+3", "+3", "+0", "Bonus combat feat, brawler's flurry (Two-Weapon Fighting)", "1d6"], ["3rd", "+3", "+3", "+3", "+1", "Maneuver training 1", "1d6"], ["4th", "+4", "+4", "+4", "+1", "AC bonus +1, knockout 1/day", "1d8"], ["5th", "+5", "+4", "+4", "+1", "Bonus combat feat, brawler's strike (magic), close weapon mastery", "1d8"], ["6th", "+6/+1", "+5", "+5", "+2", "Martial flexibility (swift action)", "1d8"], ["7th", "+7/+2", "+5", "+5", "+2", "Maneuver training 2", "1d8"], ["8th", "+8/+3", "+6", "+6", "+2", "Bonus combat feat, brawler's flurry (Improved Two-Weapon Fighting)", "1d10"], ["9th", "+9/+4", "+6", "+6", "+3", "AC bonus +2, brawler's strike (cold iron and silver)", "1d10"], ["10th", "+10/+5", "+7", "+7", "+3", "Martial flexibility (free action), knockout 2/day", "1d10"], ["11th", "+11/+6/+1", "+7", "+7", "+3", "Bonus combat feat, maneuver training 3", "1d10"], ["12th", "+12/+7/+2", "+8", "+8", "+4", "Brawler's strike (alignment), martial flexibility (immediate action)", "2d6"], ["13th", "+13/+8/+3", "+8", "+8", "+4", "AC bonus +3", "2d6"], ["14th", "+14/+9/+4", "+9", "+9", "+4", "Bonus combat feat", "2d6"], ["15th", "+15/+10/+5", "+9", "+9", "+5", "Brawler's flurry (Greater Two-Weapon Fighting), maneuver training 4", "2d6"], ["16th", "+16/+11/+6/+1", "+10", "+10", "+5", "Awesome blow, knockout 3/day", "2d8"], ["17th", "+17/+12/+7/+2", "+10", "+10", "+5", "Bonus combat feat, brawler's strike (adamantine)", "2d8"], ["18th", "+18/+13/+8/+3", "+11", "+11", "+6", "AC bonus +4", "2d8"], ["19th", "+19/+14/+9/+4", "+11", "+11", "+6", "Maneuver training 5", "2d8"], ["20th", "+20/+15/+10/+5", "+12", "+12", "+6", "Bonus combat feat, improved awesome blow, martial flexibility (any number)", "2d10"]]
Cavalier	[["Level", "Base Attack Bonus", "Fort Save", "Ref Save", "Will Save", "Special"], ["1st", "+1", "+2", "+0", "+0", "Challenge 1/day, mount, order, tactician"], ["2nd", "+2", "+3", "+0", "+0", "Order ability"], ["3rd", "+3", "+3", "+1", "+1", "Cavalier’s charge"], ["4th", "+4", "+4", "+1", "+1", "Challenge 2/day, expert trainer"], ["5th", "+5", "+4", "+1", "+1", "Banner"], ["6th", "+6/+1", "+5", "+2", "+2", "Bonus feat"], ["7th", "+7/+2", "+5", "+2", "+2", "Challenge 3/day"], ["8th", "+8/+3", "+6", "+2", "+2", "Order ability"], ["9th", "+9/+4", "+6", "+3", "+3", "Greater tactician"], ["10th", "+10/+5", "+7", "+3", "+3", "Challenge 4/day"], ["11th", "+11/+6/+1", "+7", "+3", "+3", "Mighty charge"], ["12th", "+12/+7/+2", "+8", "+4", "+4", "Bonus feat, demanding challenge"], ["13th", "+13/+8/+3", "+8", "+4", "+4", "Challenge 5/day"], ["14th", "+14/+9/+4", "+9", "+4", "+4", "Greater banner"], ["15th", "+15/+10/+5", "+9", "+5", "+5", "Order ability"], ["16th", "+16/+11/+6/+1", "+10", "+5", "+5", "Challenge 6/day"], ["17th", "+17/+12/+7/+2", "+10", "+5", "+5", "Master tactician"], ["18th", "+18/+13/+8/+3", "+11", "+6", "+6", "Bonus feat"], ["19th", "+19/+14/+9/+4", "+11", "+6", "+6", "Challenge 7/day"], ["20th", "+20/+15/+10/+5", "+12", "+6", "+6", "Supreme charge"]]
Cleric	[["", "Spells Per Day"], ["Level", "Base Attack Bonus", "Fort Save", "Ref Save", "Will Save", "Special", "0", "1st", "2nd", "3rd", "4th", "5th", "6th", "7th", "8th", "9th"], ["1st", "+0", "+2", "+0", "+2", "Aura, channel energy 1d6, domains, orisons", "3", "1+1", "-", "-", "-", "-", "-", "-", "-", "-"], ["2nd", "+1", "+3", "+0", "+3", "—", "4", "2+1", "-", "-", "-", "-", "-", "-", "-", "-"], ["3rd", "+2", "+3", "+1", "+3", "Channel energy 2d6", "4", "2+1", "1+1", "-", "-", "-", "-", "-", "-", "-"], ["4th", "+3", "+4", "+1", "+4", "—", "4", "3+1", "2+1", "-", "-", "-", "-", "-", "-", "-"], ["5th", "+3", "+4", "+1", "+4", "Channel energy 3d6", "4", "3+1", "2+1", "1+1", "-", "-", "-", "-", "-", "-"], ["6th", "+4", "+5", "+2", "+5", "—", "4", "3+1", "3+1", "2+1", "-", "-", "-", "-", "-", "-"], ["7th", "+5", "+5", "+2", "+5", "Channel energy 4d6", "4", "4+1", "3+1", "2+1", "1+1", "-", "-", "-", "-", "-"], ["8th", "+6/+1", "+6", "+2", "+6", "—", "4", "4+1", "3+1", "3+1", "2+1", "-", "-", "-", "-", "-"], ["9th", "+6/+1", "+6", "+3", "+6", "Channel energy 5d6", "4", "4+1", "4+1", "3+1", "2+1", "1+1", "-", "-", "-", "-"], ["10th", "+7/+2", "+7", "+3", "+7", "—", "4", "4+1", "4+1", "3+1", "3+1", "2+1", "-", "-", "-", "-"], ["11th", "+8/+3", "+7", "+3", "+7", "Channel energy 6d6", "4", "4+1", "4+1", "4+1", "3+1", "2+1", "1+1", "-", "-", "-"], ["12th", "+9/+4", "+8", "+4", "+8", "—", "4", "4+1", "4+1", "4+1", "3+1", "3+1", "2+1", "-", "-", "-"], ["13th", "+9/+4", "+8", "+4", "+8", "Channel energy 7d6", "4", "4+1", "4+1", "4+1", "4+1", "3+1", "2+1", "1+1", "-", "-"], ["14th", "+10/+5", "+9", "+4", "+9", "—", "4", "4+1", "4+1", "4+1", "4+1", "3+1", "3+1", "2+1", "-", "-"], ["15th", "+11/+6/+1", "+9", "+5", "+9", "Channel energy 8d6", "4", "4+1", "4+1", "4+1", "4+1", "4+1", "3+1", "2+1", "1+1", "-"], ["16th", "+12/+7/+2", "+10", "+5", "+10", "—", "4", "4+1", "4+1", "4+1", "4+1", "4+1", "3+1", "3+1", "2+1", "-"], ["17th", "+12/+7/+2", "+10", "+5", "+10", "Channel energy 9d6", "4", "4+1", "4+1", "4+1", "4+1", "4+1", "4+1", "3+1", "2+1", "1+1"], ["18th", "+13/+8/+3", "+11", "+6", "+11", "—", "4", "4+1", "4+1", "4+1", "4+1", "4+1", "4+1", "3+1", "3+1", "2+1"], ["19th", "+14/+9/+4", "+11", "+6", "+11", "Channel energy 10d6", "4", "4+1", "4+1", "4+1", "4+1", "4+1", "4+1", "4+1", "3+1", "3+1"], ["20th", "+15/+10/+5", "+12", "+6", "+12", "—", "4", "4+1", "4+1", "4+1", "4+1", "4+1", "4+1", "4+1", "4+1", "4+1"]]
Druid	[["", "Spells Per Day"], ["Level", "Base Attack Bonus", "Fort Save", "Ref Save", "Will Save", "Special", "0", "1st", "2nd", "3rd", "4th", "5th", "6th", "7th", "8th", "9th"], ["1st", "+0", "+2", "+0", "+2", "Nature bond, nature sense, orisons, wild empathy", "3", "1", "-", "-", "-", "-", "-", "-", "-", "-"], ["2nd", "+1", "+3", "+0", "+3", "Woodland stride", "4", "2", "-", "-", "-", "-", "-", "-", "-", "-"], ["3rd", "+2", "+3", "+1", "+3", "Trackless step", "4", "2", "1", "-", "-", "-", "-", "-", "-", "-"], ["4th", "+3", "+4", "+1", "+4", "Resist nature's lure, wild shape (1/day)", "4", "3", "2", "-", "-", "-", "-", "-", "-", "-"], ["5th", "+3", "+4", "+1", "+4", "—", "4", "3", "2", "1", "-", "-", "-", "-", "-", "-"], ["6th", "+4", "+5", "+2", "+5", "Wild shape (2/day)", "4", "3", "3", "2", "-", "-", "-", "-", "-", "-"], ["7th", "+5", "+5", "+2", "+5", "—", "4", "4", "3", "2", "1", "-", "-", "-", "-", "-"], ["8th", "+6/+1", "+6", "+2", "+6", "Wild shape (3/day)", "4", "4", "3", "3", "2", "-", "-", "-", "-", "-"], ["9th", "+6/+1", "+6", "+3", "+6", "Venom immunity", "4", "4", "4", "3", "2", "1", "-", "-", "-", "-"], ["10th", "+7/+2", "+7", "+3", "+7", "Wild shape (4/day)", "4", "4", "4", "3", "3", "2", "-", "-", "-", "-"], ["11th", "+8/+3", "+7", "+3", "+7", "—", "4", "4", "4", "4", "3", "2", "1", "-", "-", "-"], ["12th", "+9/+4", "+8", "+4", "+8", "Wild shape (5/day)", "4", "4", "4", "4", "3", "3", "2", "-", "-", "-"], ["13th", "+9/+4", "+8", "+4", "+8", "A thousand faces", "4", "4", "4", "4", "4", "3", "2", "1", "-", "-"], ["14th", "+10/+5", "+9", "+4", "+9", "Wild shape (6/day)", "4", "4", "4", "4", "4", "3", "3", "2", "-", "-"], ["15th", "+11/+6/+1", "+9", "+5", "+9", "Timeless body", "4", "4", "4", "4", "4", "4", "3", "2", "1", "-"], ["16th", "+12/+7/+2", "+10", "+5", "+10", "Wild shape (7/day)", "4", "4", "4", "4", "4", "4", "3", "3", "2", "-"], ["17th", "+12/+7/+2", "+10", "+5", "+10", "—", "4", "4", "4", "4", "4", "4", "4", "3", "2", "1"], ["18th", "+13/+8/+3", "+11", "+6", "+11", "Wild shape (8/day)", "4", "4", "4", "4", "4", "4", "4", "3", "3", "2"], ["19th", "+14/+9/+4", "+11", "+6", "+11", "—", "4", "4", "4", "4", "4", "4", "4", "4", "3", "3"], ["20th", "+15/+10/+5", "+12", "+6", "+12", "Wild shape (at will)", "4", "4", "4", "4", "4", "4", "4", "4", "4", "4"]]
Fighter	[["Level", "Base Attack Bonus", "Fort Save", "Ref Save", "Will Save", "Special"], ["1st", "+1", "+2", "+0", "+0", "Bonus feat"], ["2nd", "+2", "+3", "+0", "+0", "Bonus feat, bravery +1"], ["3rd", "+3", "+3", "+1", "+1", "Armor training 1"], ["4th", "+4", "+4", "+1", "+1", "Bonus feat"], ["5th", "+5", "+4", "+1", "+1", "Weapon training 1"], ["6th", "+6/+1", "+5", "+2", "+2", "Bonus feat, bravery +2"], ["7th", "+7/+2", "+5", "+2", "+2", "Armor training 2"], ["8th", "+8/+3", "+6", "+2", "+2", "Bonus feat"], ["9th", "+9/+4", "+6", "+3", "+3", "Weapon training 2"], ["10th", "+10/+5", "+7", "+3", "+3", "Bonus feat, bravery +3"], ["11th", "+11/+6/+1", "+7", "+3", "+3", "Armor training 3"], ["12th", "+12/+7/+2", "+8", "+4", "+4", "Bonus feat"], ["13th", "+13/+8/+3", "+8", "+4", "+4", "Weapon training 3"], ["14th", "+14/+9/+4", "+9", "+4", "+4", "Bonus feat, bravery +4"], ["15th", "+15/+10/+5", "+9", "+5", "+5", "Armor training 4"], ["16th", "+16/+11/+6/+1", "+10", "+5", "+5", "Bonus feat"], ["17th", "+17/+12/+7/+2", "+10", "+5", "+5", "Weapon training 4"], ["18th", "+18/+13/+8/+3", "+11", "+6", "+6", "Bonus feat, bravery +5"], ["19th", "+19/+14/+9/+4", "+11", "+6", "+6", "Armor mastery"], ["20th", "+20/+15/+10/+5", "+12", "+6", "+6", "Bonus feat, weapon mastery"]]
Gunslinger	[["Level", "Base Attack Bonus", "Fort Save", "Ref Save", "Will Save", "Special"], ["1st", "+1", "+2", "+2", "+0", "Deeds, grit, gunsmith"], ["2nd", "+2", "+3", "+3", "+0", "Nimble +1"], ["3rd", "+3", "+3", "+3", "+1", "Deeds"], ["4th", "+4", "+4", "+4", "+1", "Bonus feat"], ["5th", "+5", "+4", "+4", "+1", "Gun training 1"], ["6th", "+6/+1", "+5", "+5", "+2", "Nimble +2"], ["7th", "+7/+2", "+5", "+5", "+2", "Deeds"], ["8th", "+8/+3", "+6", "+6", "+2", "Bonus feat"], ["9th", "+9/+4", "+6", "+6", "+3", "Gun training 2"], ["10th", "+10/+5", "+7", "+7", "+3", "Nimble +3"], ["11th", "+11/+6/+1", "+7", "+7", "+3", "Deeds"], ["12th", "+12/+7/+2", "+8", "+8", "+4", "Bonus feat"], ["13th", "+13/+8/+3", "+8", "+8", "+4", "Gun training 3"], ["14th", "+14/+9/+4", "+9", "+9", "+4", "Nimble +4"], ["15th", "+15/+10/+5", "+9", "+9", "+5", "Deeds"], ["16th", "+16/+11/+6/+1", "+10", "+10", "+5", "Bonus feat"], ["17th", "+17/+12/+7/+2", "+10", "+10", "+5", "Gun training 4"], ["18th", "+18/+13/+8/+3", "+11", "+11", "+6", "Nimble +5"], ["19th", "+19/+14/+9/+4", "+11", "+11", "+6", "Deeds"], ["20th", "+20/+15/+10/+5", "+12", "+12", "+6", "Bonus feat, true grit"]]
Hunter	[["", "Spells Per Day"], ["Level", "Base Attack Bonus", "Fort Save", "Ref Save", "Will Save", "Special", "1st", "2nd", "3rd", "4th", "5th", "6th"], ["1st", "+0", "+2", "+2", "+0", "Animal companion, animal focus, nature training, orisons, wild empathy", "1", "-", "-", "-", "-", "-"], ["2nd", "+1", "+3", "+3", "+0", "Precise companion, track", "2", "-", "-", "-", "-", "-"], ["3rd", "+2", "+3", "+3", "+1", "Hunter tactics, teamwork feat", "3", "-", "-", "-", "-", "-"], ["4th", "+3", "+4", "+4", "+1", "Improved empathic link", "3", "1", "-", "-", "-", "-"], ["5th", "+3", "+4", "+4", "+1", "Woodland stride", "4", "2", "-", "-", "-", "-"], ["6th", "+4", "+5", "+5", "+2", "Teamwork feat", "4", "3", "-", "-", "-", "-"], ["7th", "+5", "+5", "+5", "+2", "Bonus trick", "4", "3", "1", "-", "-", "-"], ["8th", "+6/+1", "+6", "+6", "+2", "Second animal focus, swift tracker", "4", "4", "2", "-", "-", "-"], ["9th", "+6/+1", "+6", "+6", "+3", "Teamwork feat", "5", "4", "3", "-", "-", "-"], ["10th", "+7/+2", "+7", "+7", "+3", "Raise animal companion", "5", "4", "3", "1", "-", "-"], ["11th", "+8/+3", "+7", "+7", "+3", "Speak with master", "5", "4", "4", "2", "-", "-"], ["12th", "+9/+4", "+8", "+8", "+4", "Teamwork feat", "5", "5", "4", "3", "-", "-"], ["13th", "+9/+4", "+8", "+8", "+4", "Bonus trick", "5", "5", "4", "3", "1", "-"], ["14th", "+10/+5", "+9", "+9", "+4", "Greater empathic link", "5", "5", "4", "4", "2", "-"], ["15th", "+11/+6/+1", "+9", "+9", "+5", "Teamwork feat", "5", "5", "5", "4", "3", "-"], ["16th", "+12/+7/+2", "+10", "+10", "+5", "—", "5", "5", "5", "4", "3", "1"], ["17th", "+12/+7/+2", "+10", "+10", "+5", "One with the wild", "5", "5", "5", "4", "4", "2"], ["18th", "+13/+8/+3", "+11", "+11", "+6", "Teamwork feat", "5", "5", "5", "5", "4", "3"], ["19th", "+14/+9/+4", "+11", "+11", "+6", "Bonus trick", "5", "5", "5", "5", "5", "4"], ["20th", "+15/+10/+5", "+12", "+12", "+6", "Master hunter", "5", "5", "5", "5", "5", "5"]]
Inquisitor	[["", "Spells Per Day"], ["Level", "Base Attack Bonus", "Fort Save", "Ref Save", "Will Save", "Special", "1st", "2nd", "3rd", "4th", "5th", "6th"], ["1st", "+0", "+2", "+0", "+2", "Domain, judgment 1/day, monster lore, orisons, stern gaze", "1", "-", "-", "-", "-", "-"], ["2nd", "+1", "+3", "+0", "+3", "Cunning initiative, detect alignment, track", "2", "-", "-", "-", "-", "-"], ["3rd", "+2", "+3", "+1", "+3", "Solo tactics, teamwork feat", "3", "-", "-", "-", "-", "-"], ["4th", "+3", "+4", "+1", "+4", "Judgment 2/day", "3", "1", "-", "-", "-", "-"], ["5th", "+3", "+4", "+1", "+4", "Bane, discern lies", "4", "2", "-", "-", "-", "-"], ["6th", "+4", "+5", "+2", "+5", "Teamwork feat", "4", "3", "-", "-", "-", "-"], ["7th", "+5", "+5", "+2", "+5", "Judgment 3/day", "4", "3", "1", "-", "-", "-"], ["8th", "+6/+1", "+6", "+2", "+6", "Second judgment", "4", "4", "2", "-", "-", "-"], ["9th", "+6/+1", "+6", "+3", "+6", "Teamwork feat", "5", "4", "3", "-", "-", "-"], ["10th", "+7/+2", "+7", "+3", "+7", "Judgment 4/day", "5", "4", "3", "1", "-", "-"], ["11th", "+8/+3", "+7", "+3", "+7", "Stalwart", "5", "4", "4", "2", "-", "-"], ["12th", "+9/+4", "+8", "+4", "+8", "Greater bane, teamwork feat", "5", "5", "4", "3", "-", "-"], ["13th", "+9/+4", "+8", "+4", "+8", "Judgment 5/day", "5", "5", "4", "3", "1", "-"], ["14th", "+10/+5", "+9", "+4", "+9", "Exploit weakness", "5", "5", "4", "4", "2", "-"], ["15th", "+11/+6/+1", "+9", "+5", "+9", "Teamwork feat", "5", "5", "5", "4", "3", "-"], ["16th", "+12/+7/+2", "+10", "+5", "+10", "Judgment 6/day, third judgment", "5", "5", "5", "4", "3", "1"], ["17th", "+12/+7/+2", "+10", "+5", "+10", "Slayer", "5", "5", "5", "4", "4", "2"], ["18th", "+13/+8/+3", "+11", "+6", "+11", "Teamwork feat", "5", "5", "5", "5", "4", "3"], ["19th", "+14/+9/+4", "+11", "+6", "+11", "Judgment 7/day", "5", "5", "5", "5", "5", "4"], ["20th", "+15/+10/+5", "+12", "+6", "+12", "True judgment", "5", "5", "5", "5", "5", "5"]]
Investigator	[["", "Spells Per Day"], ["Level", "Base Attack Bonus", "Fort Save", "Ref Save", "Will Save", "Special", "1st", "2nd", "3rd", "4th", "5th", "6th"], ["1st", "+0", "+0", "+2", "+2", "Alchemy, inspiration, trapfinding", "1", "-", "-", "-", "-", "-"], ["2nd", "+1", "+0", "+3", "+3", "Poison lore, poison resistance +2", "2", "-", "-", "-", "-", "-"], ["3rd", "+2", "+1", "+3", "+3", "Investigator talent, keen recollection, trap sense +1", "3", "-", "-", "-", "-", "-"], ["4th", "+3", "+1", "+4", "+4", "Studied combat, studied strike +1d6, swift alchemy", "3", "1", "-", "-", "-", "-"], ["5th", "+3", "+1", "+4", "+4", "Investigator talent, poison resistance +4", "4", "2", "-", "-", "-", "-"], ["6th", "+4", "+2", "+5", "+5", "Studied strike +2d6, trap sense +2", "4", "3", "-", "-", "-", "-"], ["7th", "+5", "+2", "+5", "+5", "Investigator talent", "4", "3", "1", "-", "-", "-"], ["8th", "+6/+1", "+2", "+6", "+6", "Poison resistance +6, studied strike +3d6", "4", "4", "2", "-", "-", "-"], ["9th", "+6/+1", "+3", "+6", "+6", "Investigator talent, trap sense +3", "5", "4", "3", "-", "-", "-"], ["10th", "+7/+2", "+3", "+7", "+7", "Studied strike +4d6", "5", "4", "3", "1", "-", "-"], ["11th", "+8/+3", "+3", "+7", "+7", "Investigator talent, poison immunity", "5", "4", "4", "2", "-", "-"], ["12th", "+9/+4", "+4", "+8", "+8", "Studied strike +5d6, trap sense +4", "5", "5", "4", "3", "-", "-"], ["13th", "+9/+4", "+4", "+8", "+8", "Investigator talent", "5", "5", "4", "3", "1", "-"], ["14th", "+10/+5", "+4", "+9", "+9", "Studied strike +6d6", "5", "5", "4", "4", "2", "-"], ["15th", "+11/+6/+1", "+5", "+9", "+9", "Investigator talent, trap sense +5", "5", "5", "5", "4", "3", "-"], ["16th", "+12/+7/+2", "+5", "+10", "+10", "Studied strike +7d6", "5", "5", "5", "4", "3", "1"], ["17th", "+12/+7/+2", "+5", "+10", "+10", "Investigator talent", "5", "5", "5", "4", "4", "2"], ["18th", "+13/+8/+3", "+6", "+11", "+11", "Studied strike +8d6, trap sense +6", "5", "5", "5", "5", "4", "3"], ["19th", "+14/+9/+4", "+6", "+11", "+11", "Investigator talent", "5", "5", "5", "5", "5", "4"], ["20th", "+15/+10/+5", "+6", "+12", "+12", "Studied strike +9d6, true inspiration", "5", "5", "5", "5", "5", "5"]]
Kineticist	[["Level", "Base Attack Bonus", "Fort Save", "Ref Save", "Will Save", "Special"], ["1st", "+0", "+2", "+2", "+0", "Burn, elemental focus, gather power, infusion, kinetic blast"], ["2nd", "+1", "+3", "+3", "+0", "Elemental defense, utility wild talent"], ["3rd", "+2", "+3", "+3", "+1", "Elemental overflow +1, infusion"], ["4th", "+3", "+4", "+4", "+1", "Utility wild talent"], ["5th", "+3", "+4", "+4", "+1", "Infusion, infusion specialization 1, metakinesis (empower)"], ["6th", "+4", "+5", "+5", "+2", "Elemental overflow +2, internal buffer +1, utility wild talent"], ["7th", "+5", "+5", "+5", "+2", "Expanded element"], ["8th", "+6/+1", "+6", "+6", "+2", "Infusion specialization 2, utility wild talent"], ["9th", "+6/+1", "+6", "+6", "+3", "Elemental overflow +3, infusion, metakinesis (maximize)"], ["10th", "+7/+2", "+7", "+7", "+3", "Utility wild talent"], ["11th", "+8/+3", "+7", "+7", "+3", "Infusion, infusion specialization 3, internal buffer 2, supercharge"], ["12th", "+9/+4", "+8", "+8", "+4", "Elemental overflow +4, utility wild talent"], ["13th", "+9/+4", "+8", "+8", "+4", "Infusion, metakinesis (quicken)"], ["14th", "+10/+5", "+9", "+9", "+4", "Infusion specialization 4, utility wild talent"], ["15th", "+11/+6/+1", "+9", "+9", "+5", "Expanded element, elemental overflow +5"], ["16th", "+12/+7/+2", "+10", "+10", "+5", "Composite specialization, internal buffer 3, utility wild talent"], ["17th", "+12/+7/+2", "+10", "+10", "+5", "Infusion, infusion specialization 5, metakinesis (twice)"], ["18th", "+13/+8/+3", "+11", "+11", "+6", "Elemental overflow +6, utility wild talent"], ["19th", "+14/+9/+4", "+11", "+11", "+6", "Infusion, metakinetic master"], ["20th", "+15/+10/+5", "+12", "+12", "+6", "Infusion specialization 6, omnikinesis, utility wild talent"]]
Magus	[["", "Spells Per Day"], ["Level", "Base Attack Bonus", "Fort Save", "Ref Save", "Will Save", "Special", "0", "1st", "2nd", "3rd", "4th", "5th", "6th"], ["1st", "+0", "+2", "+0", "+2", "Arcane pool, cantrips, spell combat", "3", "1", "-", "-", "-", "-", "-"], ["2nd", "+1", "+3", "+0", "+3", "Spellstrike", "4", "2", "-", "-", "-", "-", "-"], ["3rd", "+2", "+3", "+1", "+3", "Magus arcana", "4", "3", "-", "-", "-", "-", "-"], ["4th", "+3", "+4", "+1", "+4", "Spell recall", "4", "3", "1", "-", "-", "-", "-"], ["5th", "+3", "+4", "+1", "+4", "Bonus feat", "4", "4", "2", "-", "-", "-", "-"], ["6th", "+4", "+5", "+2", "+5", "Magus arcana", "5", "4", "3", "-", "-", "-", "-"], ["7th", "+5", "+5", "+2", "+5", "Knowledge pool, medium armor", "5", "4", "3", "1", "-", "-", "-"], ["8th", "+6/+1", "+6", "+2", "+6", "Improved spell combat", "5", "4", "4", "2", "-", "-", "-"], ["9th", "+6/+1", "+6", "+3", "+6", "Magus arcana", "5", "5", "4", "3", "-", "-", "-"], ["10th", "+7/+2", "+7", "+3", "+7", "Fighter training", "5", "5", "4", "3", "1", "-", "-"], ["11th", "+8/+3", "+7", "+3", "+7", "Bonus feat, improved spell recall", "5", "5", "4", "4", "2", "-", "-"], ["12th", "+9/+4", "+8", "+4", "+8", "Magus arcana", "5", "5", "5", "4", "3", "-", "-"], ["13th", "+9/+4", "+8", "+4", "+8", "Heavy armor", "5", "5", "5", "4", "3", "1", "-"], ["14th", "+10/+5", "+9", "+4", "+9", "Greater spell combat", "5", "5", "5", "4", "4", "2", "-"], ["15th", "+11/+6/+1", "+9", "+5", "+9", "Magus arcana", "5", "5", "5", "5", "4", "3", "-"], ["16th", "+12/+7/+2", "+10", "+5", "+10", "Counterstrike", "5", "5", "5", "5", "4", "3", "1"], ["17th", "+12/+7/+2", "+10", "+5", "+10", "Bonus feat", "5", "5", "5", "5", "4", "4", "2"], ["18th", "+13/+8/+3", "+11", "+6", "+11", "Magus arcana", "5", "5", "5", "5", "5", "4", "3"], ["19th", "+14/+9/+4", "+11", "+6", "+11", "Greater spell access", "5", "5", "5", "5", "5", "5", "4"], ["20th", "+15/+10/+5", "+12", "+6", "+12", "True magus", "5", "5", "5", "5", "5", "5", "5"]]
Medium	[["", "Spells Per Day"], ["Level", "Base Attack Bonus", "Fort Save", "Ref Save", "Will Save", "Special", "1st", "2nd", "3rd", "4th"], ["1st", "+0", "+0", "+0", "+2", "Knacks, spirit, spirit bonus +1, spirit power (lesser), spirit surge 1d6", "-", "-", "-", "-"], ["2nd", "+1", "+0", "+0", "+3", "Shared seance, taboo", "-", "-", "-", "-"], ["3rd", "+2", "+1", "+1", "+3", "Haunt channeler", "-", "-", "-", "-"], ["4th", "+3", "+1", "+1", "+4", "Spirit bonus +2", "1", "-", "-", "-"], ["5th", "+3", "+1", "+1", "+4", "Location channel", "1", "-", "-", "-"], ["6th", "+4", "+2", "+2", "+5", "Spirit power (intermediate)", "1", "-", "-", "-"], ["7th", "+5", "+2", "+2", "+5", "Connection channel", "1", "1", "-", "-"], ["8th", "+6/+1", "+2", "+2", "+6", "Spirit bonus +3", "1", "1", "-", "-"], ["9th", "+6/+1", "+3", "+3", "+6", "Propitiation", "2", "1", "-", "-"], ["10th", "+7/+2", "+3", "+3", "+7", "Spirit surge 1d8", "2", "1", "1", "-"], ["11th", "+8/+3", "+3", "+3", "+7", "Spirit power (greater)", "2", "1", "1", "-"], ["12th", "+9/+4", "+4", "+4", "+8", "Spirit bonus +4", "2", "2", "1", "-"], ["13th", "+9/+4", "+4", "+4", "+8", "Ask the spirits", "3", "2", "1", "1"], ["14th", "+10/+5", "+4", "+4", "+9", "Astral journey", "3", "2", "1", "1"], ["15th", "+11/+6/+1", "+5", "+5", "+9", "Trance of three", "3", "2", "2", "1"], ["16th", "+12/+7/+2", "+5", "+5", "+10", "Spirit bonus +5", "3", "3", "2", "1"], ["17th", "+12/+7/+2", "+5", "+5", "+10", "Spirit power (supreme)", "4", "3", "2", "1"], ["18th", "+13/+8/+3", "+6", "+6", "+11", "Spacious soul", "4", "3", "2", "2"], ["19th", "+14/+9/+4", "+6", "+6", "+11", "Spirit mastery", "4", "3", "3", "2"], ["20th", "+15/+10/+5", "+6", "+6", "+12", "Astral beacon, spirit bonus +6, spirit surge 1d10", "4", "4", "3", "2"]]
Mesmerist	[["", "Spells Per Day"], ["Level", "Base Attack Bonus", "Fort Save", "Ref Save", "Will Save", "Special", "1st", "2nd", "3rd", "4th", "5th", "6th"], ["1st", "+0", "+0", "+2", "+2", "Consummate liar, hypnotic stare, knacks, mesmerist trick, painful stare", "1", "-", "-", "-", "-", "-"], ["2nd", "+1", "+0", "+3", "+3", "Mesmerist trick, towering ego", "2", "-", "-", "-", "-", "-"], ["3rd", "+2", "+1", "+3", "+3", "Bold stare, touch treatment (minor)", "3", "-", "-", "-", "-", "-"], ["4th", "+3", "+1", "+4", "+4", "Mesmerist trick", "3", "1", "-", "-", "-", "-"], ["5th", "+3", "+1", "+4", "+4", "Manifold tricks (2), mental potency", "4", "2", "-", "-", "-", "-"], ["6th", "+4", "+2", "+5", "+5", "Mesmerist trick, touch treatment (moderate)", "4", "3", "-", "-", "-", "-"], ["7th", "+5", "+2", "+5", "+5", "Bold stare", "4", "3", "1", "-", "-", "-"], ["8th", "+6/+1", "+2", "+6", "+6", "Hypnotic stare (-3), mesmerist trick", "4", "4", "2", "-", "-", "-"], ["9th", "+6/+1", "+3", "+6", "+6", "Manifold tricks (3)", "5", "4", "3", "-", "-", "-"], ["10th", "+7/+2", "+3", "+7", "+7", "Mesmerist trick, touch treatment (greater)", "5", "4", "3", "1", "-", "-"], ["11th", "+8/+3", "+3", "+7", "+7", "Bold stare, glib lie", "5", "4", "4", "2", "-", "-"], ["12th", "+9/+4", "+4", "+8", "+8", "Masterful tricks, mesmerist trick", "5", "5", "4", "3", "-", "-"], ["13th", "+9/+4", "+4", "+8", "+8", "Manifold tricks (4)", "5", "5", "4", "3", "1", "-"], ["14th", "+10/+5", "+4", "+9", "+9", "Mesmerist trick, touch treatment (break enchantment)", "5", "5", "4", "4", "2", "-"], ["15th", "+11/+6/+1", "+5", "+9", "+9", "Bold stare", "5", "5", "5", "4", "3", "-"], ["16th", "+12/+7/+2", "+5", "+10", "+10", "Mesmerist trick", "5", "5", "5", "4", "3", "1"], ["17th", "+12/+7/+2", "+5", "+10", "+10", "Manifold tricks (5)", "5", "5", "5", "4", "4", "2"], ["18th", "+13/+8/+3", "+6", "+11", "+11", "Mesmerist trick", "5", "5", "5", "5", "4", "3"], ["19th", "+14/+9/+4", "+6", "+11", "+11", "Bold stare", "5", "5", "5", "5", "5", "4"], ["20th", "+15/+10/+5", "+6", "+12", "+12", "Mesmerist trick, rule minds", "5", "5", "5", "5", "5", "5"]]
Monk (Unchained)	[["Level", "Base Attack Bonus", "Fort Save", "Ref Save", "Will Save", "Special", "Unarmed Damage", "AC Bonus", "Fast Movement"], ["1st", "+1", "+2", "+2", "+0", "Bonus feat, flurry of blows (bonus attack), stunning fist, unarmed strike", "1d6", "+0", "+0 ft."], ["2nd", "+2", "+3", "+3", "+0", "Bonus feat, evasion", "1d6", "+0", "+0 ft."], ["3rd", "+3", "+3", "+3", "+1", "Fast movement, ki pool, ki strike (magic)", "1d6", "+0", "+10 ft."], ["4th", "+4", "+4", "+4", "+1", "Ki power, still mind", "1d8", "+1", "+10 ft."], ["5th", "+5", "+4", "+4", "+1", "Purity of body, style strike (1/round)", "1d8", "+1", "+10 ft."], ["6th", "+6/+1", "+5", "+5", "+2", "Bonus feat, ki power", "1d8", "+1", "+20 ft."], ["7th", "+7/+2", "+5", "+5", "+2", "Ki strike (cold iron/silver)", "1d8", "+1", "+20 ft."], ["8th", "+8/+3", "+6", "+6", "+2", "Ki power", "1d10", "+2", "+20 ft."], ["9th", "+9/+4", "+6", "+6", "+3", "Improved evasion, style strike", "1d10", "+2", "+30 ft."], ["10th", "+10/+5", "+7", "+7", "+3", "Bonus feat, ki power, ki strike (lawful)", "1d10", "+2", "+30 ft."], ["11th", "+11/+6/+1", "+7", "+7", "+3", "Flurry of blows (bonus attack)", "1d10", "+2", "+30 ft."], ["12th", "+12/+7/+2", "+8", "+8", "+4", "Ki power", "2d6", "+3", "+40 ft."], ["13th", "+13/+8/+3", "+8", "+8", "+4", "Style strike, tongue of the sun and moon", "2d6", "+3", "+40 ft."], ["14th", "+14/+9/+4", "+9", "+9", "+4", "Bonus feat, ki power", "2d6", "+3", "+40 ft."], ["15th", "+15/+10/+5", "+9", "+9", "+5", "Style strike (2/round)", "2d6", "+3", "+50 ft."], ["16th", "+16/+11/+6/+1", "+10", "+10", "+5", "Ki power, ki strike (adamantine)", "2d8", "+4", "+50 ft."], ["17th", "+17/+12/+7/+2", "+10", "+10", "+5", "Style strike, timeless body", "2d8", "+4", "+50 ft."], ["18th", "+18/+13/+8/+3", "+11", "+11", "+6", "Bonus feat, ki power", "2d8", "+4", "+60 ft."], ["19th", "+19/+14/+9/+4", "+11", "+11", "+6", "Flawless mind", "2d8", "+4", "+60 ft."], ["20th", "+20/+15/+10/+5", "+12", "+12", "+6", "Ki power, perfect self", "2d10", "+5", "+60 ft."]]
Monk	[["Level", "Base Attack Bonus", "Fort Save", "Ref Save", "Will Save", "Special", "Flurry of Blows Attack Bonus", "Unarmed Damage", "AC Bonus", "Fast Movement"], ["1st", "+0", "+2", "+2", "+2", "Bonus feat, flurry of blows, stunning fist, unarmed strike", "-1/-1", "1d6", "+0", "+0 ft."], ["2nd", "+1", "+3", "+3", "+3", "Bonus feat, evasion", "+0/+0", "1d6", "+0", "+0 ft."], ["3rd", "+2", "+3", "+3", "+3", "Fast movement, maneuver training, still mind", "+1/+1", "1d6", "+0", "+10 ft."], ["4th", "+3", "+4", "+4", "+4", "Ki pool (magic), slow fall 20 ft.", "+2/+2", "1d8", "+1", "+10 ft."], ["5th", "+3", "+4", "+4", "+4", "High jump, purity of body", "+3/+3", "1d8", "+1", "+10 ft."], ["6th", "+4", "+5", "+5", "+5", "Bonus feat, slow fall 30 ft.", "+4/+4/-1", "1d8", "+1", "+20 ft."], ["7th", "+5", "+5", "+5", "+5", "Ki pool (cold iron/silver), wholeness of body", "+5/+5/+0", "1d8", "+1", "+20 ft."], ["8th", "+6/+1", "+6", "+6", "+6", "Slow fall 40 ft.", "+6/+6/+1/+1", "1d10", "+2", "+20 ft."], ["9th", "+6/+1", "+6", "+6", "+6", "Improved evasion", "+7/+7/+2/+2", "1d10", "+2", "+30 ft."], ["10th", "+7/+2", "+7", "+7", "+7", "Bonus feat, ki pool (lawful), slow fall 50 ft.", "+8/+8/+3/+3", "1d10", "+2", "+30 ft."], ["11th", "+8/+3", "+7", "+7", "+7", "Diamond body", "+9/+9/+4/+4/-1", "1d10", "+2", "+30 ft."], ["12th", "+9/+4", "+8", "+8", "+8", "Abundant step, slow fall 60 ft.", "+10/+10/+5/+5/+0", "2d6", "+3", "+40 ft."], ["13th", "+9/+4", "+8", "+8", "+8", "Diamond soul", "+11/+11/+6/+6/+1", "2d6", "+3", "+40 ft."], ["14th", "+10/+5", "+9", "+9", "+9", "Bonus feat, slow fall 70 ft.", "+12/+12/+7/+7/+2", "2d6", "+3", "+40 ft."], ["15th", "+11/+6/+1", "+9", "+9", "+9", "Quivering palm", "+13/+13/+8/+8/+3/+3", "2d6", "+3", "+50 ft."], ["16th", "+12/+7/+2", "+10", "+10", "+10", "Ki pool (adamantine), slow fall 80 ft.", "+14/+14/+9/+9/+4/+4/-1", "2d8", "+4", "+50 ft."], ["17th", "+12/+7/+2", "+10", "+10", "+10", "Timeless body, tongue of the sun and moon", "+15/+15/+10/+10/+5/+5/+0", "2d8", "+4", "+50 ft."], ["18th", "+13/+8/+3", "+11", "+11", "+11", "Bonus feat, slow fall 90 ft.", "+16/+16/+11/+11/+6/+6/+1", "2d8", "+4", "+60 ft."], ["19th", "+14/+9/+4", "+11", "+11", "+11", "Empty body", "+17/+17/+12/+12/+7/+7/+2", "2d8", "+4", "+60 ft."], ["20th", "+15/+10/+5", "+12", "+12", "+12", "Perfect self, slow fall any distance", "+18/+18/+13/+13/+8/+8/+3", "2d10", "+5", "+60 ft."]]
Ninja	[["Level", "Base Attack Bonus", "Fort Save", "Ref Save", "Will Save", "Special"], ["1st", "+0", "+0", "+2", "+0", "Poison use, sneak attack +1d6"], ["2nd", "+1", "+0", "+3", "+0", "Ki pool, ninja trick"], ["3rd", "+2", "+1", "+3", "+1", "No trace +1, sneak attack +2d6"], ["4th", "+3", "+1", "+4", "+1", "Ninja trick, uncanny dodge"], ["5th", "+3", "+1", "+4", "+1", "Sneak attack +3d6"], ["6th", "+4", "+2", "+5", "+2", "Light steps, ninja trick, no trace +2"], ["7th", "+5", "+2", "+5", "+2", "Sneak attack +4d6"], ["8th", "+6/+1", "+2", "+6", "+2", "Improved uncanny dodge, ninja trick"], ["9th", "+6/+1", "+3", "+6", "+3", "No trace +3, sneak attack +5d6"], ["10th", "+7/+2", "+3", "+7", "+3", "Master tricks, ninja trick"], ["11th", "+8/+3", "+3", "+7", "+3", "Sneak attack +6d6"], ["12th", "+9/+4", "+4", "+8", "+4", "Ninja trick, no trace +4"], ["13th", "+9/+4", "+4", "+8", "+4", "Sneak attack +7d6"], ["14th", "+10/+5", "+4", "+9", "+4", "Ninja trick"], ["15th", "+11/+6/+1", "+5", "+9", "+5", "No trace +5, sneak attack +8d6"], ["16th", "+12/+7/+2", "+5", "+10", "+5", "Ninja trick"], ["17th", "+12/+7/+2", "+5", "+10", "+5", "Sneak attack +9d6"], ["18th", "+13/+8/+3", "+6", "+11", "+6", "Ninja trick, no trace +6"], ["19th", "+14/+9/+4", "+6", "+11", "+6", "Sneak attack +10d6"], ["20th", "+15/+10/+5", "+6", "+12", "+6", "Hidden master, ninja trick"]]
Occultist	[["", "Spells Per Day"], ["Level", "Base Attack Bonus", "Fort Save", "Ref Save", "Will Save", "Special", "1st", "2nd", "3rd", "4th", "5th", "6th"], ["1st", "+0", "+2", "+0", "+2", "Focus powers, implements 2, knacks, mental focus", "1", "-", "-", "-", "-", "-"], ["2nd", "+1", "+3", "+0", "+3", "Implements 3, magic item skill, object reading", "2", "-", "-", "-", "-", "-"], ["3rd", "+2", "+3", "+1", "+3", "Focus power", "3", "-", "-", "-", "-", "-"], ["4th", "+3", "+4", "+1", "+4", "Shift focus", "3", "1", "-", "-", "-", "-"], ["5th", "+3", "+4", "+1", "+4", "Aura sight, focus power", "4", "2", "-", "-", "-", "-"], ["6th", "+4", "+5", "+2", "+5", "Implements 4", "4", "3", "-", "-", "-", "-"], ["7th", "+5", "+5", "+2", "+5", "Focus power", "4", "3", "1", "-", "-", "-"], ["8th", "+6/+1", "+6", "+2", "+6", "Magic circles, outside contact 1", "4", "4", "2", "-", "-", "-"], ["9th", "+6/+1", "+6", "+3", "+6", "Focus power", "5", "4", "3", "-", "-", "-"], ["10th", "+7/+2", "+7", "+3", "+7", "Implements 5", "5", "4", "3", "1", "-", "-"], ["11th", "+8/+3", "+7", "+3", "+7", "Focus power", "5", "4", "4", "2", "-", "-"], ["12th", "+9/+4", "+8", "+4", "+8", "Binding circles, outside contact 2", "5", "5", "4", "3", "-", "-"], ["13th", "+9/+4", "+8", "+4", "+8", "Focus power", "5", "5", "4", "3", "1", "-"], ["14th", "+10/+5", "+9", "+4", "+9", "Implements 6", "5", "5", "4", "4", "2", "-"], ["15th", "+11/+6/+1", "+9", "+5", "+9", "Focus power", "5", "5", "5", "4", "3", "-"], ["16th", "+12/+7/+2", "+10", "+5", "+10", "Fast circles, outside contact 3", "5", "5", "5", "4", "3", "1"], ["17th", "+12/+7/+2", "+10", "+5", "+10", "Focus power", "5", "5", "5", "4", "4", "2"], ["18th", "+13/+8/+3", "+11", "+6", "+11", "Implements 7", "5", "5", "5", "5", "4", "3"], ["19th", "+14/+9/+4", "+11", "+6", "+11", "Focus power", "5", "5", "5", "5", "5", "4"], ["20th", "+15/+10/+5", "+12", "+6", "+12", "Implement mastery, outside contact 4", "5", "5", "5", "5", "5", "5"]]
Oracle	[["", "Spells Per Day"], ["Level", "Base Attack Bonus", "Fort Save", "Ref Save", "Will Save", "Special", "1st", "2nd", "3rd", "4th", "5th", "6th", "7th", "8th", "9th"], ["1st", "+0", "+0", "+0", "+2", "Mystery, oracle’s curse, orisons, revelation", "3", "-", "-", "-", "-", "-", "-", "-", "-"], ["2nd", "+1", "+0", "+0", "+3", "Mystery spell", "4", "-", "-", "-", "-", "-", "-", "-", "-"], ["3rd", "+2", "+1", "+1", "+3", "Revelation", "5", "-", "-", "-", "-", "-", "-", "-", "-"], ["4th", "+3", "+1", "+1", "+4", "Mystery spell", "6", "3", "-", "-", "-", "-", "-", "-", "-"], ["5th", "+3", "+1", "+1", "+4", "—", "6", "4", "-", "-", "-", "-", "-", "-", "-"], ["6th", "+4", "+2", "+2", "+5", "Mystery spell", "6", "5", "3", "-", "-", "-", "-", "-", "-"], ["7th", "+5", "+2", "+2", "+5", "Revelation", "6", "6", "4", "-", "-", "-", "-", "-", "-"], ["8th", "+6/+1", "+2", "+2", "+6", "Mystery spell", "6", "6", "5", "3", "-", "-", "-", "-", "-"], ["9th", "+6/+1", "+3", "+3", "+6", "—", "6", "6", "6", "4", "-", "-", "-", "-", "-"], ["10th", "+7/+2", "+3", "+3", "+7", "Mystery spell", "6", "6", "6", "5", "3", "-", "-", "-", "-"], ["11th", "+8/+3", "+3", "+3", "+7", "Revelation", "6", "6", "6", "6", "4", "-", "-", "-", "-"], ["12th", "+9/+4", "+4", "+4", "+8", "Mystery spell", "6", "6", "6", "6", "5", "3", "-", "-", "-"], ["13th", "+9/+4", "+4", "+4", "+8", "—", "6", "6", "6", "6", "6", "4", "-", "-", "-"], ["14th", "+10/+5", "+4", "+4", "+9", "Mystery spell", "6", "6", "6", "6", "6", "5", "3", "-", "-"], ["15th", "+11/+6/+1", "+5", "+5", "+9", "Revelation", "6", "6", "6", "6", "6", "6", "4", "-", "-"], ["16th", "+12/+7/+2", "+5", "+5", "+10", "Mystery spell", "6", "6", "6", "6", "6", "6", "5", "3", "-"], ["17th", "+12/+7/+2", "+5", "+5", "+10", "—", "6", "6", "6", "6", "6", "6", "6", "4", "-"], ["18th", "+13/+8/+3", "+6", "+6", "+11", "Mystery spell", "6", "6", "6", "6", "6", "6", "6", "5", "3"], ["19th", "+14/+9/+4", "+6", "+6", "+11", "Revelation", "6", "6", "6", "6", "6", "6", "6", "6", "4"], ["20th", "+15/+10/+5", "+6", "+6", "+12", "Final revelation", "6", "6", "6", "6", "6", "6", "6", "6", "6"]]
Paladin	[["", "Spells Per Day"], ["Level", "Base Attack Bonus", "Fort Save", "Ref Save", "Will Save", "Special", "1st", "2nd", "3rd", "4th"], ["1st", "+1", "+2", "+0", "+2", "Aura of good, detect evil, smite evil 1/day", "-", "-", "-", "-"], ["2nd", "+2", "+3", "+0", "+3", "Divine grace, lay on hands", "-", "-", "-", "-"], ["3rd", "+3", "+3", "+1", "+3", "Aura of courage, divine health, mercy", "-", "-", "-", "-"], ["4th", "+4", "+4", "+1", "+4", "Channel positive energy, smite evil 2/day", "0", "-", "-", "-"], ["5th", "+5", "+4", "+1", "+4", "Divine bond", "1", "-", "-", "-"], ["6th", "+6/+1", "+5", "+2", "+5", "Mercy", "1", "-", "-", "-"], ["7th", "+7/+2", "+5", "+2", "+5", "Smite evil 3/day", "1", "0", "-", "-"], ["8th", "+8/+3", "+6", "+2", "+6", "Aura of resolve", "1", "1", "-", "-"], ["9th", "+9/+4", "+6", "+3", "+6", "Mercy", "2", "1", "-", "-"], ["10th", "+10/+5", "+7", "+3", "+7", "Smite evil 4/day", "2", "1", "0", "-"], ["11th", "+11/+6/+1", "+7", "+3", "+7", "Aura of justice", "2", "1", "1", "-"], ["12th", "+12/+7/+2", "+8", "+4", "+8", "Mercy", "2", "2", "1", "-"], ["13th", "+13/+8/+3", "+8", "+4", "+8", "Smite evil 5/day", "3", "2", "1", "0"], ["14th", "+14/+9/+4", "+9", "+4", "+9", "Aura of faith", "3", "2", "1", "1"], ["15th", "+15/+10/+5", "+9", "+5", "+9", "Mercy", "3", "2", "2", "1"], ["16th", "+16/+11/+6/+1", "+10", "+5", "+10", "Smite evil 6/day", "3", "3", "2", "1"], ["17th", "+17/+12/+7/+2", "+10", "+5", "+10", "Aura of righteousness", "4", "3", "2", "1"], ["18th", "+18/+13/+8/+3", "+11", "+6", "+11", "Mercy", "4", "3", "2", "2"], ["19th", "+19/+14/+9/+4", "+11", "+6", "+11", "Smite evil 7/day", "4", "3", "3", "2"], ["20th", "+20/+15/+10/+5", "+12", "+6", "+12", "Holy champion", "4", "4", "3", "3"]]
Psychic	[["", "Spells Per Day"], ["Level", "Base Attack Bonus", "Fort Save", "Ref Save", "Will Save", "Special", "1st", "2nd", "3rd", "4th", "5th", "6th", "7th", "8th", "9th"], ["1st", "+0", "+0", "+0", "+2", "Discipline power, discipline spell, knacks, phrenic amplification, phrenic pool, psychic discipline", "3", "-", "-", "-", "-", "-", "-", "-", "-"], ["2nd", "+1", "+0", "+0", "+3", "Detect thoughts", "4", "-", "-", "-", "-", "-", "-", "-", "-"], ["3rd", "+1", "+1", "+1", "+3", "Phrenic amplification", "5", "-", "-", "-", "-", "-", "-", "-", "-"], ["4th", "+2", "+1", "+1", "+4", "Discipline spell", "6", "3", "-", "-", "-", "-", "-", "-", "-"], ["5th", "+2", "+1", "+1", "+4", "Discipline power", "6", "4", "-", "-", "-", "-", "-", "-", "-"], ["6th", "+3", "+2", "+2", "+5", "Discipline spell", "6", "5", "3", "-", "-", "-", "-", "-", "-"], ["7th", "+3", "+2", "+2", "+5", "Phrenic amplification", "6", "6", "4", "-", "-", "-", "-", "-", "-"], ["8th", "+4", "+2", "+2", "+6", "Discipline spell", "6", "6", "5", "3", "-", "-", "-", "-", "-"], ["9th", "+4", "+3", "+3", "+6", "Telepathic bond", "6", "6", "6", "4", "-", "-", "-", "-", "-"], ["10th", "+5", "+3", "+3", "+7", "Discipline spell", "6", "6", "6", "5", "3", "-", "-", "-", "-"], ["11th", "+5", "+3", "+3", "+7", "Major amplifications, phrenic amplification", "6", "6", "6", "6", "4", "-", "-", "-", "-"], ["12th", "+6/+1", "+4", "+4", "+8", "Discipline spell", "6", "6", "6", "6", "5", "3", "-", "-", "-"], ["13th", "+6/+1", "+4", "+4", "+8", "Discipline power", "6", "6", "6", "6", "6", "4", "-", "-", "-"], ["14th", "+7/+2", "+4", "+4", "+9", "Discipline spell", "6", "6", "6", "6", "6", "5", "3", "-", "-"], ["15th", "+7/+2", "+5", "+5", "+9", "Phrenic amplification", "6", "6", "6", "6", "6", "6", "4", "-", "-"], ["16th", "+8/+3", "+5", "+5", "+10", "Discipline spell", "6", "6", "6", "6", "6", "6", "5", "3", "-"], ["17th", "+8/+3", "+5", "+5", "+10", "Telepathy", "6", "6", "6", "6", "6", "6", "6", "4", "-"], ["18th", "+9/+4", "+6", "+6", "+11", "Discipline spell", "6", "6", "6", "6", "6", "6", "6", "5", "3"], ["19th", "+9/+4", "+6", "+6", "+11", "Phrenic amplification", "6", "6", "6", "6", "6", "6", "6", "6", "4"], ["20th", "+10/+5", "+6", "+6", "+12", "Remade self", "6", "6", "6", "6", "6", "6", "6", "6", "6"]]
Ranger	[["", "Spells Per Day"], ["Level", "Base Attack Bonus", "Fort Save", "Ref Save", "Will Save", "Special", "1st", "2nd", "3rd", "4th"], ["1st", "+1", "+2", "+2", "+0", "1st favored enemy, track, wild empathy", "-", "-", "-", "-"], ["2nd", "+2", "+3", "+3", "+0", "Combat style feat", "-", "-", "-", "-"], ["3rd", "+3", "+3", "+3", "+1", "Endurance, 1st favored terrain", "-", "-", "-", "-"], ["4th", "+4", "+4", "+4", "+1", "Hunter's bond", "0", "-", "-", "-"], ["5th", "+5", "+4", "+4", "+1", "2nd favored enemy", "1", "-", "-", "-"], ["6th", "+6/+1", "+5", "+5", "+2", "Combat style feat", "1", "-", "-", "-"], ["7th", "+7/+2", "+5", "+5", "+2", "Woodland stride", "1", "0", "-", "-"], ["8th", "+8/+3", "+6", "+6", "+2", "Swift tracker, 2nd favored terrain", "1", "1", "-", "-"], ["9th", "+9/+4", "+6", "+6", "+3", "Evasion", "2", "1", "-", "-"], ["10th", "+10/+5", "+7", "+7", "+3", "3rd favored enemy, combat style feat", "2", "1", "0", "-"], ["11th", "+11/+6/+1", "+7", "+7", "+3", "Quarry", "2", "1", "1", "-"], ["12th", "+12/+7/+2", "+8", "+8", "+4", "Camouflage", "2", "2", "1", "-"], ["13th", "+13/+8/+3", "+8", "+8", "+4", "3rd favored terrain", "3", "2", "1", "0"], ["14th", "+14/+9/+4", "+9", "+9", "+4", "Combat style feat", "3", "2", "1", "1"], ["15th", "+15/+10/+5", "+9", "+9", "+5", "4th favored enemy", "3", "2", "2", "1"], ["16th", "+16/+11/+6/+1", "+10", "+10", "+5", "Improved evasion", "3", "3", "2", "1"], ["17th", "+17/+12/+7/+2", "+10", "+10", "+5", "Hide in plain sight", "4", "3", "2", "1"], ["18th", "+18/+13/+8/+3", "+11", "+11", "+6", "4th favored terrain, combat style feat", "4", "3", "2", "2"], ["19th", "+19/+14/+9/+4", "+11", "+11", "+6", "Improved quarry", "4", "3", "3", "2"], ["20th", "+20/+15/+10/+5", "+12", "+12", "+6", "5th favored enemy, master hunter", "4", "4", "3", "3"]]
Rogue (Unchained)	[["Level", "Base Attack Bonus", "Fort Save", "Ref Save", "Will Save", "Special"], ["1st", "+0", "+0", "+2", "+0", "Finesse training, sneak attack +1d6, trapfinding"], ["2nd", "+1", "+0", "+3", "+0", "Evasion, rogue talent"], ["3rd", "+2", "+1", "+3", "+1", "Danger sense +1, finesse training, sneak attack +2d6"], ["4th", "+3", "+1", "+4", "+1", "Debilitating injury, rogue talent, uncanny dodge"], ["5th", "+3", "+1", "+4", "+1", "Rogue's edge, sneak attack +3d6"], ["6th", "+4", "+2", "+5", "+2", "Danger sense +2, rogue talent"], ["7th", "+5", "+2", "+5", "+2", "Sneak attack +4d6"], ["8th", "+6/+1", "+2", "+6", "+2", "Improved uncanny dodge, rogue talent"], ["9th", "+6/+1", "+3", "+6", "+3", "Danger sense +3, sneak attack +5d6"], ["10th", "+7/+2", "+3", "+7", "+3", "Advanced talents, rogue talent, rogue's edge"], ["11th", "+8/+3", "+3", "+7", "+3", "Finesse training, sneak attack +6d6"], ["12th", "+9/+4", "+4", "+8", "+4", "Danger sense +4, rogue talent"], ["13th", "+9/+4", "+4", "+8", "+4", "Sneak attack +7d6"], ["14th", "+10/+5", "+4", "+9", "+4", "Rogue talent"], ["15th", "+11/+6/+1", "+5", "+9", "+5", "Danger sense +5, rogue's edge, sneak attack +8d6"], ["16th", "+12/+7/+2", "+5", "+10", "+5", "Rogue talent"], ["17th", "+12/+7/+2", "+5", "+10", "+5", "Sneak attack +9d6"], ["18th", "+13/+8/+3", "+6", "+11", "+6", "Danger sense +6, rogue talent"], ["19th", "+14/+9/+4", "+6", "+11", "+6", "Finesse training, sneak attack +10d6"], ["20th", "+15/+10/+5", "+6", "+12", "+6", "Master strike, rogue talent, rogue's edge"]]
Rogue	[["Level", "Base Attack Bonus", "Fort Save", "Ref Save", "Will Save", "Special"], ["1st", "+0", "+0", "+2", "+0", "Sneak attack +1d6, trapfinding"], ["2nd", "+1", "+0", "+3", "+0", "Evasion, rogue talent"], ["3rd", "+2", "+1", "+3", "+1", "Sneak attack +2d6, trap sense +1"], ["4th", "+3", "+1", "+4", "+1", "Rogue talent, uncanny dodge"], ["5th", "+3", "+1", "+4", "+1", "Sneak attack +3d6"], ["6th", "+4", "+2", "+5", "+2", "Rogue talent, trap sense +2"], ["7th", "+5", "+2", "+5", "+2", "Sneak attack +4d6"], ["8th", "+6/+1", "+2", "+6", "+2", "Improved uncanny dodge, rogue talent"], ["9th", "+6/+1", "+3", "+6", "+3", "Sneak attack +5d6, trap sense +3"], ["10th", "+7/+2", "+3", "+7", "+3", "Advanced talents, rogue talent"], ["11th", "+8/+3", "+3", "+7", "+3", "Sneak attack +6d6"], ["12th", "+9/+4", "+4", "+8", "+4", "Rogue talent, trap sense +4"], ["13th", "+9/+4", "+4", "+8", "+4", "Sneak attack +7d6"], ["14th", "+10/+5", "+4", "+9", "+4", "Rogue talent"], ["15th", "+11/+6/+1", "+5", "+9", "+5", "Sneak attack +8d6, trap sense +5"], ["16th", "+12/+7/+2", "+5", "+10", "+5", "Rogue talent"], ["17th", "+12/+7/+2", "+5", "+10", "+5", "Sneak attack +9d6"], ["18th", "+13/+8/+3", "+6", "+11", "+6", "Rogue talent, trap sense +6"], ["19th", "+14/+9/+4", "+6", "+11", "+6", "Sneak attack +10d6"], ["20th", "+15/+10/+5", "+6", "+12", "+6", "Master strike, rogue talent"]]
Samurai	[["Level", "Base Attack Bonus", "Fort Save", "Ref Save", "Will Save", "Special"], ["1st", "+1", "+2", "+0", "+0", "Challenge 1/day, mount, order, resolve"], ["2nd", "+2", "+3", "+0", "+0", "Order ability"], ["3rd", "+3", "+3", "+1", "+1", "Weapon expertise"], ["4th", "+4", "+4", "+1", "+1", "Challenge 2/day, mounted archer"], ["5th", "+5", "+4", "+1", "+1", "Banner"], ["6th", "+6/+1", "+5", "+2", "+2", "Bonus feat"], ["7th", "+7/+2", "+5", "+2", "+2", "Challenge 3/day"], ["8th", "+8/+3", "+6", "+2", "+2", "Order ability"], ["9th", "+9/+4", "+6", "+3", "+3", "Greater resolve"], ["10th", "+10/+5", "+7", "+3", "+3", "Challenge 4/day"], ["11th", "+11/+6/+1", "+7", "+3", "+3", "Honorable stand"], ["12th", "+12/+7/+2", "+8", "+4", "+4", "Bonus feat, demanding challenge"], ["13th", "+13/+8/+3", "+8", "+4", "+4", "Challenge 5/day"], ["14th", "+14/+9/+4", "+9", "+4", "+4", "Greater banner"], ["15th", "+15/+10/+5", "+9", "+5", "+5", "Order ability"], ["16th", "+16/+11/+6/+1", "+10", "+5", "+5", "Challenge 6/day"], ["17th", "+17/+12/+7/+2", "+10", "+5", "+5", "True resolve"], ["18th", "+18/+13/+8/+3", "+11", "+6", "+6", "Bonus feat"], ["19th", "+19/+14/+9/+4", "+11", "+6", "+6", "Challenge 7/day"], ["20th", "+20/+15/+10/+5", "+12", "+6", "+6", "Last stand"]]
Shaman	[["", "Spells Per Day"], ["Level", "Base Attack Bonus", "Fort Save", "Ref Save", "Will Save", "Special", "0", "1st", "2nd", "3rd", "4th", "5th", "6th", "7th", "8th", "9th"], ["1st", "+0", "+0", "+0", "+2", "Orisons, spirit, spirit animal, spirit magic", "3", "1", "-", "-", "-", "-", "-", "-", "-", "-"], ["2nd", "+1", "+0", "+0", "+3", "Hex", "4", "2", "-", "-", "-", "-", "-", "-", "-", "-"], ["3rd", "+2", "+1", "+1", "+3", "—", "4", "2", "1", "-", "-", "-", "-", "-", "-", "-"], ["4th", "+3", "+1", "+1", "+4", "Hex, wandering spirit", "4", "3", "2", "-", "-", "-", "-", "-", "-", "-"], ["5th", "+3", "+1", "+1", "+4", "—", "4", "3", "2", "1", "-", "-", "-", "-", "-", "-"], ["6th", "+4", "+2", "+2", "+5", "Wandering hex", "4", "3", "3", "2", "-", "-", "-", "-", "-", "-"], ["7th", "+5", "+2", "+2", "+5", "—", "4", "4", "3", "2", "1", "-", "-", "-", "-", "-"], ["8th", "+6/+1", "+2", "+2", "+6", "Hex, spirit (greater)", "4", "4", "3", "3", "2", "-", "-", "-", "-", "-"], ["9th", "+6/+1", "+3", "+3", "+6", "—", "4", "4", "4", "3", "2", "1", "-", "-", "-", "-"], ["10th", "+7/+2", "+3", "+3", "+7", "Hex", "4", "4", "4", "3", "3", "2", "-", "-", "-", "-"], ["11th", "+8/+3", "+3", "+3", "+7", "—", "4", "4", "4", "4", "3", "2", "1", "-", "-", "-"], ["12th", "+9/+4", "+4", "+4", "+8", "Hex, wandering spirit (greater)", "4", "4", "4", "4", "3", "3", "2", "-", "-", "-"], ["13th", "+9/+4", "+4", "+4", "+8", "—", "4", "4", "4", "4", "4", "3", "2", "1", "-", "-"], ["14th", "+10/+5", "+4", "+4", "+9", "Wandering hex (2 hexes)", "4", "4", "4", "4", "4", "3", "3", "2", "-", "-"], ["15th", "+11/+6/+1", "+5", "+5", "+9", "—", "4", "4", "4", "4", "4", "4", "3", "2", "1", "-"], ["16th", "+12/+7/+2", "+5", "+5", "+10", "Hex, spirit (true)", "4", "4", "4", "4", "4", "4", "3", "3", "2", "-"], ["17th", "+12/+7/+2", "+5", "+5", "+10", "—", "4", "4", "4", "4", "4", "4", "4", "3", "2", "1"], ["18th", "+13/+8/+3", "+6", "+6", "+11", "Hex", "4", "4", "4", "4", "4", "4", "4", "3", "3", "2"], ["19th", "+14/+9/+4", "+6", "+6", "+11", "—", "4", "4", "4", "4", "4", "4", "4", "4", "3", "3"], ["20th", "+15/+10/+5", "+6", "+6", "+12", "Hex, manifestation, wandering spirit (true)", "4", "4", "4", "4", "4", "4", "4", "4", "4", "4"]]
Shifter	[["Level", "Base Attack Bonus", "Fort Save", "Ref Save", "Will Save", "Special"], ["1st", "+1", "+2", "+2", "+0", "Shifter aspect, shifter claws, wild empathy"], ["2nd", "+2", "+3", "+3", "+0", "Defensive instinct, track"], ["3rd", "+3", "+3", "+3", "+1", "Shifter claws increase, woodland stride"], ["4th", "+4", "+4", "+4", "+1", "Defensive instinct (+1), wild shape"], ["5th", "+5", "+4", "+4", "+1", "Second aspect, trackless step"], ["6th", "+6/+1", "+5", "+5", "+2", "Shifter's fury"], ["7th", "+7/+2", "+5", "+5", "+2", "Shifter claws increase"], ["8th", "+8/+3", "+6", "+6", "+2", "Defensive instinct (+2)"], ["9th", "+9/+4", "+6", "+6", "+3", "Chimeric aspect"], ["10th", "+10/+5", "+7", "+7", "+3", "Third aspect"], ["11th", "+11/+6/+1", "+7", "+7", "+3", "Shifter claws increase"], ["12th", "+12/+7/+2", "+8", "+8", "+4", "Defensive instinct (+3)"], ["13th", "+13/+8/+3", "+8", "+8", "+4", "Shifter claws increase"], ["14th", "+14/+9/+4", "+9", "+9", "+4", "Greater chimeric aspect"], ["15th", "+15/+10/+5", "+9", "+9", "+5", "Fourth aspect"], ["16th", "+16/+11/+6/+1", "+10", "+10", "+5", "Defensive instinct (+4)"], ["17th", "+17/+12/+7/+2", "+10", "+10", "+5", "Shifter claws increase"], ["18th", "+18/+13/+8/+3", "+11", "+11", "+6", "A thousand faces, timeless body"], ["19th", "+19/+14/+9/+4", "+11", "+11", "+6", "Shifter claws increase"], ["20th", "+20/+15/+10/+5", "+12", "+12", "+6", "Defensive instinct (+5), final aspect"]]
Skald	[["", "Spells Per Day"], ["Level", "Base Attack Bonus", "Fort Save", "Ref Save", "Will Save", "Special", "1st", "2nd", "3rd", "4th", "5th", "6th"], ["1st", "+0", "+2", "+0", "+2", "Bardic knowledge, cantrips, inspired rage +1 (+2 Str/Con), raging song, scribe scroll", "1", "-", "-", "-", "-", "-"], ["2nd", "+1", "+3", "+0", "+3", "Versatile performance, well-versed", "2", "-", "-", "-", "-", "-"], ["3rd", "+2", "+3", "+1", "+3", "Rage power, song of marching", "3", "-", "-", "-", "-", "-"], ["4th", "+3", "+4", "+1", "+4", "Inspired rage +2, uncanny dodge", "3", "1", "-", "-", "-", "-"], ["5th", "+3", "+4", "+1", "+4", "Spell kenning 1/day", "4", "2", "-", "-", "-", "-"], ["6th", "+4", "+5", "+2", "+5", "Rage power, song of strength", "4", "3", "-", "-", "-", "-"], ["7th", "+5", "+5", "+2", "+5", "Lore master 1/day, versatile performance", "4", "3", "1", "-", "-", "-"], ["8th", "+6/+1", "+6", "+2", "+6", "Improved uncanny dodge, inspired rage +3 (+4 Str/Con)", "4", "4", "2", "-", "-", "-"], ["9th", "+6/+1", "+6", "+3", "+6", "Rage power, DR 1/-", "5", "4", "3", "-", "-", "-"], ["10th", "+7/+2", "+7", "+3", "+7", "Dirge of doom", "5", "4", "3", "1", "-", "-"], ["11th", "+8/+3", "+7", "+3", "+7", "Spell kenning 2/day", "5", "4", "4", "2", "-", "-"], ["12th", "+9/+4", "+8", "+4", "+8", "Inspired rage +4, rage power, versatile performance", "5", "5", "4", "3", "-", "-"], ["13th", "+9/+4", "+8", "+4", "+8", "Lore master 2/day", "5", "5", "4", "3", "1", "-"], ["14th", "+10/+5", "+9", "+4", "+9", "DR 2/-, song of the fallen", "5", "5", "4", "4", "2", "-"], ["15th", "+11/+6/+1", "+9", "+5", "+9", "Rage power", "5", "5", "5", "4", "3", "-"], ["16th", "+12/+7/+2", "+10", "+5", "+10", "Inspired rage +5 (+6 Str/Con)", "5", "5", "5", "4", "3", "1"], ["17th", "+12/+7/+2", "+10", "+5", "+10", "Spell kenning 3/day, versatile performance", "5", "5", "5", "4", "4", "2"], ["18th", "+13/+8/+3", "+11", "+6", "+11", "Rage power", "5", "5", "5", "5", "4", "3"], ["19th", "+14/+9/+4", "+11", "+6", "+11", "DR 3/-, lore master 3/day", "5", "5", "5", "5", "5", "4"], ["20th", "+15/+10/+5", "+12", "+6", "+12", "Inspired rage +6, master skald", "5", "5", "5", "5", "5", "5"]]
Slayer	[["Level", "Base Attack Bonus", "Fort Save", "Ref Save", "Will Save", "Special"], ["1st", "+1", "+2", "+2", "+0", "1st studied target, track"], ["2nd", "+2", "+3", "+3", "+0", "Slayer talent"], ["3rd", "+3", "+3", "+3", "+1", "Sneak attack +1d6"], ["4th", "+4", "+4", "+4", "+1", "Slayer talent"], ["5th", "+5", "+4", "+4", "+1", "2nd studied target"], ["6th", "+6/+1", "+5", "+5", "+2", "Slayer talent, sneak attack +2d6"], ["7th", "+7/+2", "+5", "+5", "+2", "Stalker"], ["8th", "+8/+3", "+6", "+6", "+2", "Slayer talent"], ["9th", "+9/+4", "+6", "+6", "+3", "Sneak attack +3d6"], ["10th", "+10/+5", "+7", "+7", "+3", "3rd studied target, advanced talents, slayer talent"], ["11th", "+11/+6/+1", "+7", "+7", "+3", "Swift tracker"], ["12th", "+12/+7/+2", "+8", "+8", "+4", "Slayer talent, sneak attack +4d6"], ["13th", "+13/+8/+3", "+8", "+8", "+4", "Slayer's advance 1/day"], ["14th", "+14/+9/+4", "+9", "+9", "+4", "Quarry, slayer talent"], ["15th", "+15/+10/+5", "+9", "+9", "+5", "4th studied target, sneak attack +5d6"], ["16th", "+16/+11/+6/+1", "+10", "+10", "+5", "Slayer talent"], ["17th", "+17/+12/+7/+2", "+10", "+10", "+5", "Slayer's advance 2/day"], ["18th", "+18/+13/+8/+3", "+11", "+11", "+6", "Slayer talent, sneak attack +6d6"], ["19th", "+19/+14/+9/+4", "+11", "+11", "+6", "Improved quarry"], ["20th", "+20/+15/+10/+5", "+12", "+12", "+6", "5th studied target, master slayer, slayer talent"]]
Sorcerer	[["", "Spells Per Day"], ["Level", "Base Attack Bonus", "Fort Save", "Ref Save", "Will Save", "Special", "1st", "2nd", "3rd", "4th", "5th", "6th", "7th", "8th", "9th"], ["1st", "+0", "+0", "+0", "+2", "Bloodline power, cantrips, eschew materials", "3", "-", "-", "-", "-", "-", "-", "-", "-"], ["2nd", "+1", "+0", "+0", "+3", "—", "4", "-", "-", "-", "-", "-", "-", "-", "-"], ["3rd", "+1", "+1", "+1", "+3", "Bloodline power, bloodline spell", "5", "-", "-", "-", "-", "-", "-", "-", "-"], ["4th", "+2", "+1", "+1", "+4", "—", "6", "3", "-", "-", "-", "-", "-", "-", "-"], ["5th", "+2", "+1", "+1", "+4", "Bloodline spell", "6", "4", "-", "-", "-", "-", "-", "-", "-"], ["6th", "+3", "+2", "+2", "+5", "—", "6", "5", "3", "-", "-", "-", "-", "-", "-"], ["7th", "+3", "+2", "+2", "+5", "Bloodline feat, bloodline spell", "6", "6", "4", "-", "-", "-", "-", "-", "-"], ["8th", "+4", "+2", "+2", "+6", "—", "6", "6", "5", "3", "-", "-", "-", "-", "-"], ["9th", "+4", "+3", "+3", "+6", "Bloodline power, bloodline spell", "6", "6", "6", "4", "-", "-", "-", "-", "-"], ["10th", "+5", "+3", "+3", "+7", "—", "6", "6", "6", "5", "3", "-", "-", "-", "-"], ["11th", "+5", "+3", "+3", "+7", "Bloodline spell", "6", "6", "6", "6", "4", "-", "-", "-", "-"], ["12th", "+6/+1", "+4", "+4", "+8", "—", "6", "6", "6", "6", "5", "3", "-", "-", "-"], ["13th", "+6/+1", "+4", "+4", "+8", "Bloodline feat, bloodline spell", "6", "6", "6", "6", "6", "4", "-", "-", "-"], ["14th", "+7/+2", "+4", "+4", "+9", "—", "6", "6", "6", "6", "6", "5", "3", "-", "-"], ["15th", "+7/+2", "+5", "+5", "+9", "Bloodline power, bloodline spell", "6", "6", "6", "6", "6", "6", "4", "-", "-"], ["16th", "+8/+3", "+5", "+5", "+10", "—", "6", "6", "6", "6", "6", "6", "5", "3", "-"], ["17th", "+8/+3", "+5", "+5", "+10", "Bloodline spell", "6", "6", "6", "6", "6", "6", "6", "4", "-"], ["18th", "+9/+4", "+6", "+6", "+11", "—", "6", "6", "6", "6", "6", "6", "6", "5", "3"], ["19th", "+9/+4", "+6", "+6", "+11", "Bloodline feat, bloodline spell", "6", "6", "6", "6", "6", "6", "6", "6", "4"], ["20th", "+10/+5", "+6", "+6", "+12", "Bloodline power", "6", "6", "6", "6", "6", "6", "6", "6", "6"]]
Spiritualist	[["", "Spells Per Day"], ["Level", "Base Attack Bonus", "Fort Save", "Ref Save", "Will Save", "Special", "1st", "2nd", "3rd", "4th", "5th", "6th"], ["1st", "+0", "+2", "+0", "+2", "Etheric tether, knacks, phantom, shared consciousness", "1", "-", "-", "-", "-", "-"], ["2nd", "+1", "+3", "+0", "+3", "Bonded senses", "2", "-", "-", "-", "-", "-"], ["3rd", "+2", "+3", "+1", "+3", "Bonded manifestation", "3", "-", "-", "-", "-", "-"], ["4th", "+3", "+4", "+1", "+4", "Spiritual interference", "3", "1", "-", "-", "-", "-"], ["5th", "+3", "+4", "+1", "+4", "Detect undead", "4", "2", "-", "-", "-", "-"], ["6th", "+4", "+5", "+2", "+5", "Phantom recall 1/day", "4", "3", "-", "-", "-", "-"], ["7th", "+5", "+5", "+2", "+5", "Calm spirit 1/day", "4", "3", "1", "-", "-", "-"], ["8th", "+6/+1", "+6", "+2", "+6", "Bonded manifestation increase", "4", "4", "2", "-", "-", "-"], ["9th", "+6/+1", "+6", "+3", "+6", "See invisibility", "5", "4", "3", "-", "-", "-"], ["10th", "+7/+2", "+7", "+3", "+7", "Fused consciousness, phantom recall 2/day", "5", "4", "3", "1", "-", "-"], ["11th", "+8/+3", "+7", "+3", "+7", "Calm spirit 2/day", "5", "4", "4", "2", "-", "-"], ["12th", "+9/+4", "+8", "+4", "+8", "Greater spiritual interference", "5", "5", "4", "3", "-", "-"], ["13th", "+9/+4", "+8", "+4", "+8", "Bonded manifestation increase", "5", "5", "4", "3", "1", "-"], ["14th", "+10/+5", "+9", "+4", "+9", "Phantom recall 3/day, spiritual bond", "5", "5", "4", "4", "2", "-"], ["15th", "+11/+6/+1", "+9", "+5", "+9", "Calm spirit 3/day", "5", "5", "5", "4", "3", "-"], ["16th", "+12/+7/+2", "+10", "+5", "+10", "Call spirit", "5", "5", "5", "4", "3", "1"], ["17th", "+12/+7/+2", "+10", "+5", "+10", "Dual bond", "5", "5", "5", "4", "4", "2"], ["18th", "+13/+8/+3", "+11", "+6", "+11", "Bonded manifestation increase, phantom recall 4/day", "5", "5", "5", "5", "4", "3"], ["19th", "+14/+9/+4", "+11", "+6", "+11", "Calm spirit 4/day", "5", "5", "5", "5", "5", "4"], ["20th", "+15/+10/+5", "+12", "+6", "+12", "Empowered consciousness", "5", "5", "5", "5", "5", "5"]]
Summoner (Unchained)	[["", "Spells Per Day"], ["Level", "Base Attack Bonus", "Fort Save", "Ref Save", "Will Save", "Special", "1st", "2nd", "3rd", "4th", "5th", "6th"], ["1st", "+0", "+0", "+0", "+2", "Cantrips, eidolon, life link, summon monster I", "1", "-", "-", "-", "-", "-"], ["2nd", "+1", "+0", "+0", "+3", "Bond senses", "2", "-", "-", "-", "-", "-"], ["3rd", "+2", "+1", "+1", "+3", "Summon monster II", "3", "-", "-", "-", "-", "-"], ["4th", "+3", "+1", "+1", "+4", "Shield ally", "3", "1", "-", "-", "-", "-"], ["5th", "+3", "+1", "+1", "+4", "Summon monster III", "4", "2", "-", "-", "-", "-"], ["6th", "+4", "+2", "+2", "+5", "Maker's call", "4", "3", "-", "-", "-", "-"], ["7th", "+5", "+2", "+2", "+5", "Summon monster IV", "4", "3", "1", "-", "-", "-"], ["8th", "+6/+1", "+2", "+2", "+6", "Transposition", "4", "4", "2", "-", "-", "-"], ["9th", "+6/+1", "+3", "+3", "+6", "Summon monster V", "5", "4", "3", "-", "-", "-"], ["10th", "+7/+2", "+3", "+3", "+7", "Aspect", "5", "4", "3", "1", "-", "-"], ["11th", "+8/+3", "+3", "+3", "+7", "Summon monster VI", "5", "4", "4", "2", "-", "-"], ["12th", "+9/+4", "+4", "+4", "+8", "Greater shield ally", "5", "5", "4", "3", "-", "-"], ["13th", "+9/+4", "+4", "+4", "+8", "Summon monster VII", "5", "5", "4", "3", "1", "-"], ["14th", "+10/+5", "+4", "+4", "+9", "Life bond", "5", "5", "4", "4", "2", "-"], ["15th", "+11/+6/+1", "+5", "+5", "+9", "Summon monster VIII", "5", "5", "5", "4", "3", "-"], ["16th", "+12/+7/+2", "+5", "+5", "+10", "Merge forms", "5", "5", "5", "4", "3", "1"], ["17th", "+12/+7/+2", "+5", "+5", "+10", "Summon monster IX", "5", "5", "5", "4", "4", "2"], ["18th", "+13/+8/+3", "+6", "+6", "+11", "Greater aspect", "5", "5", "5", "5", "4", "3"], ["19th", "+14/+9/+4", "+6", "+6", "+11", "Gate", "5", "5", "5", "5", "5", "4"], ["20th", "+15/+10/+5", "+6", "+6", "+12", "Twin eidolon", "5", "5", "5", "5", "5", "5"]]
Summoner	[["", "Spells Per Day"], ["Level", "Base Attack Bonus", "Fort Save", "Ref Save", "Will Save", "Special", "1st", "2nd", "3rd", "4th", "5th", "6th"], ["1st", "+0", "+0", "+0", "+2", "Cantrips, eidolon, life link, summon monster I", "1", "-", "-", "-", "-", "-"], ["2nd", "+1", "+0", "+0", "+3", "Bond senses", "2", "-", "-", "-", "-", "-"], ["3rd", "+2", "+1", "+1", "+3", "Summon monster II", "3", "-", "-", "-", "-", "-"], ["4th", "+3", "+1", "+1", "+4", "Shield ally", "3", "1", "-", "-", "-", "-"], ["5th", "+3", "+1", "+1", "+4", "Summon monster III", "4", "2", "-", "-", "-", "-"], ["6th", "+4", "+2", "+2", "+5", "Maker’s call", "4", "3", "-", "-", "-", "-"], ["7th", "+5", "+2", "+2", "+5", "Summon monster IV", "4", "3", "1", "-", "-", "-"], ["8th", "+6/+1", "+2", "+2", "+6", "Transposition", "4", "4", "2", "-", "-", "-"], ["9th", "+6/+1", "+3", "+3", "+6", "Summon monster V", "5", "4", "3", "-", "-", "-"], ["10th", "+7/+2", "+3", "+3", "+7", "Aspect", "5", "4", "3", "1", "-", "-"], ["11th", "+8/+3", "+3", "+3", "+7", "Summon monster VI", "5", "4", "4", "2", "-", "-"], ["12th", "+9/+4", "+4", "+4", "+8", "Greater shield ally", "5", "5", "4", "3", "-", "-"], ["13th", "+9/+4", "+4", "+4", "+8", "Summon monster VII", "5", "5", "4", "3", "1", "-"], ["14th", "+10/+5", "+4", "+4", "+9", "Life bond", "5", "5", "4", "4", "2", "-"], ["15th", "+11/+6/+1", "+5", "+5", "+9", "Summon monster VIII", "5", "5", "5", "4", "3", "-"], ["16th", "+12/+7/+2", "+5", "+5", "+10", "Merge forms", "5", "5", "5", "4", "3", "1"], ["17th", "+12/+7/+2", "+5", "+5", "+10", "Summon monster IX", "5", "5", "5", "4", "4", "2"], ["18th", "+13/+8/+3", "+6", "+6", "+11", "Greater aspect", "5", "5", "5", "5", "4", "3"], ["19th", "+14/+9/+4", "+6", "+6", "+11", "Gate", "5", "5", "5", "5", "5", "4"], ["20th", "+15/+10/+5", "+6", "+6", "+12", "Twin eidolon", "5", "5", "5", "5", "5", "5"]]
Swashbuckler	[["Level", "Base Attack Bonus", "Fort Save", "Ref Save", "Will Save", "Special"], ["1st", "+1", "+0", "+2", "+0", "Deeds, panache, swashbuckler finesse"], ["2nd", "+2", "+0", "+3", "+0", "Charmed life 3/day"], ["3rd", "+3", "+1", "+3", "+1", "Deeds, nimble +1"], ["4th", "+4", "+1", "+4", "+1", "Bonus feat"], ["5th", "+5", "+1", "+4", "+1", "Swashbuckler weapon training +1"], ["6th", "+6/+1", "+2", "+5", "+2", "Charmed life 4/day"], ["7th", "+7/+2", "+2", "+5", "+2", "Deeds, nimble +2"], ["8th", "+8/+3", "+2", "+6", "+2", "Bonus feat"], ["9th", "+9/+4", "+3", "+6", "+3", "Swashbuckler weapon training +2"], ["10th", "+10/+5", "+3", "+7", "+3", "Charmed life 5/day"], ["11th", "+11/+6/+1", "+3", "+7", "+3", "Deeds, nimble +3"], ["12th", "+12/+7/+2", "+4", "+8", "+4", "Bonus feat"], ["13th", "+13/+8/+3", "+4", "+8", "+4", "Swashbuckler weapon training +3"], ["14th", "+14/+9/+4", "+4", "+9", "+4", "Charmed life 6/day"], ["15th", "+15/+10/+5", "+5", "+9", "+5", "Deeds, nimble +4"], ["16th", "+16/+11/+6/+1", "+5", "+10", "+5", "Bonus feat"], ["17th", "+17/+12/+7/+2", "+5", "+10", "+5", "Swashbuckler weapon training +4"], ["18th", "+18/+13/+8/+3", "+6", "+11", "+6", "Charmed life 7/day"], ["19th", "+19/+14/+9/+4", "+6", "+11", "+6", "Deeds, nimble +5"], ["20th", "+20/+15/+10/+5", "+6", "+12", "+6", "Bonus feat, swashbuckler weapon mastery"]]
Vigilante	[["Level", "Base Attack Bonus", "Fort Save", "Ref Save", "Will Save", "Special"], ["1st", "+0", "+0", "+2", "+2", "Dual identity, seamless guise, social talent, vigilante specialization"], ["2nd", "+1", "+0", "+3", "+3", "Vigilante talent"], ["3rd", "+2", "+1", "+3", "+3", "Social talent, unshakable"], ["4th", "+3", "+1", "+4", "+4", "Vigilante talent"], ["5th", "+3", "+1", "+4", "+4", "Social talent, startling appearance"], ["6th", "+4", "+2", "+5", "+5", "Vigilante talent"], ["7th", "+5", "+2", "+5", "+5", "Social talent"], ["8th", "+6/+1", "+2", "+6", "+6", "Vigilante talent"], ["9th", "+6/+1", "+3", "+6", "+6", "Social talent"], ["10th", "+7/+2", "+3", "+7", "+7", "Vigilante talent"], ["11th", "+8/+3", "+3", "+7", "+7", "Frightening appearance, social talent"], ["12th", "+9/+4", "+4", "+8", "+8", "Vigilante talent"], ["13th", "+9/+4", "+4", "+8", "+8", "Social talent"], ["14th", "+10/+5", "+4", "+9", "+9", "Vigilante talent"], ["15th", "+11/+6/+1", "+5", "+9", "+9", "Social talent"], ["16th", "+12/+7/+2", "+5", "+10", "+10", "Vigilante talent"], ["17th", "+12/+7/+2", "+5", "+10", "+10", "Social talent, stunning appearance"], ["18th", "+13/+8/+3", "+6", "+11", "+11", "Vigilante talent"], ["19th", "+14/+9/+4", "+6", "+11", "+11", "Social talent"], ["20th", "+15/+10/+5", "+6", "+12", "+12", "Vengeance strike, vigilante talent"]]
Warpriest	[["", "Spells Per Day"], ["Level", "Base Attack Bonus", "Fort Save", "Ref Save", "Will Save", "Special", "Sacred Weapon Damage", "0", "1st", "2nd", "3rd", "4th", "5th", "6th"], ["1st", "+0", "+2", "+0", "+2", "Aura, blessings (minor), focus weapon, orisons, sacred weapon", "1d6", "3", "1", "-", "-", "-", "-", "-"], ["2nd", "+1", "+3", "+0", "+3", "Fervor 1d6", "1d6", "4", "2", "-", "-", "-", "-", "-"], ["3rd", "+2", "+3", "+1", "+3", "Bonus feat", "1d6", "4", "3", "-", "-", "-", "-", "-"], ["4th", "+3", "+4", "+1", "+4", "Channel energy, sacred weapon +1", "1d6", "4", "3", "1", "-", "-", "-", "-"], ["5th", "+3", "+4", "+1", "+4", "Fervor 2d6", "1d8", "4", "4", "2", "-", "-", "-", "-"], ["6th", "+4", "+5", "+2", "+5", "Bonus feat", "1d8", "5", "4", "3", "-", "-", "-", "-"], ["7th", "+5", "+5", "+2", "+5", "Sacred armor +1", "1d8", "5", "4", "3", "1", "-", "-", "-"], ["8th", "+6/+1", "+6", "+2", "+6", "Fervor 3d6, sacred weapon +2", "1d8", "5", "4", "4", "2", "-", "-", "-"], ["9th", "+6/+1", "+6", "+3", "+6", "Bonus feat", "1d8", "5", "5", "4", "3", "-", "-", "-"], ["10th", "+7/+2", "+7", "+3", "+7", "Blessings (major), sacred armor +2", "1d10", "5", "5", "4", "3", "1", "-", "-"], ["11th", "+8/+3", "+7", "+3", "+7", "Fervor 4d6", "1d10", "5", "5", "4", "4", "2", "-", "-"], ["12th", "+9/+4", "+8", "+4", "+8", "Bonus feat, sacred weapon +3", "1d10", "5", "5", "5", "4", "3", "-", "-"], ["13th", "+9/+4", "+8", "+4", "+8", "Sacred armor +3", "1d10", "5", "5", "5", "4", "3", "1", "-"], ["14th", "+10/+5", "+9", "+4", "+9", "Fervor 5d6", "1d10", "5", "5", "5", "4", "4", "2", "-"], ["15th", "+11/+6/+1", "+9", "+5", "+9", "Bonus feat", "2d6", "5", "5", "5", "5", "4", "3", "-"], ["16th", "+12/+7/+2", "+10", "+5", "+10", "Sacred armor +4, sacred weapon +4", "2d6", "5", "5", "5", "5", "4", "3", "1"], ["17th", "+12/+7/+2", "+10", "+5", "+10", "Fervor 6d6", "2d6", "5", "5", "5", "5", "4", "4", "2"], ["18th", "+13/+8/+3", "+11", "+6", "+11", "Bonus feat", "2d6", "5", "5", "5", "5", "5", "4", "3"], ["19th", "+14/+9/+4", "+11", "+6", "+11", "Sacred armor +5", "2d6", "5", "5", "5", "5", "5", "5", "4"], ["20th", "+15/+10/+5", "+12", "+6", "+12", "Aspect of war, fervor 7d6, sacred weapon +5", "2d8", "5", "5", "5", "5", "5", "5", "5"]]
Witch	[["", "Spells Per Day"], ["Level", "Base Attack Bonus", "Fort Save", "Ref Save", "Will Save", "Special", "0", "1st", "2nd", "3rd", "4th", "5th", "6th", "7th", "8th", "9th"], ["1st", "+0", "+0", "+0", "+2", "Cantrips, hex, witch’s familiar", "3", "1", "-", "-", "-", "-", "-", "-", "-", "-"], ["2nd", "+1", "+0", "+0", "+3", "Hex", "4", "2", "-", "-", "-", "-", "-", "-", "-", "-"], ["3rd", "+1", "+1", "+1", "+3", "—", "4", "2", "1", "-", "-", "-", "-", "-", "-", "-"], ["4th", "+2", "+1", "+1", "+4", "Hex", "4", "3", "2", "-", "-", "-", "-", "-", "-", "-"], ["5th", "+2", "+1", "+1", "+4", "—", "4", "3", "2", "1", "-", "-", "-", "-", "-", "-"], ["6th", "+3", "+2", "+2", "+5", "Hex", "4", "3", "3", "2", "-", "-", "-", "-", "-", "-"], ["7th", "+3", "+2", "+2", "+5", "—", "4", "4", "3", "2", "1", "-", "-", "-", "-", "-"], ["8th", "+4", "+2", "+2", "+6", "Hex", "4", "4", "3", "3", "2", "-", "-", "-", "-", "-"], ["9th", "+4", "+3", "+3", "+6", "—", "4", "4", "4", "3", "2", "1", "-", "-", "-", "-"], ["10th", "+5", "+3", "+3", "+7", "Hex, major hex", "4", "4", "4", "3", "3", "2", "-", "-", "-", "-"], ["11th", "+5", "+3", "+3", "+7", "—", "4", "4", "4", "4", "3", "2", "1", "-", "-", "-"], ["12th", "+6/+1", "+4", "+4", "+8", "Hex", "4", "4", "4", "4", "3", "3", "2", "-", "-", "-"], ["13th", "+6/+1", "+4", "+4", "+8", "—", "4", "4", "4", "4", "4", "3", "2", "1", "-", "-"], ["14th", "+7/+2", "+4", "+4", "+9", "Hex", "4", "4", "4", "4", "4", "3", "3", "2", "-", "-"], ["15th", "+7/+2", "+5", "+5", "+9", "—", "4", "4", "4", "4", "4", "4", "3", "2", "1", "-"], ["16th", "+8/+3", "+5", "+5", "+10", "Hex", "4", "4", "4", "4", "4", "4", "3", "3", "2", "-"], ["17th", "+8/+3", "+5", "+5", "+10", "—", "4", "4", "4", "4", "4", "4", "4", "3", "2", "1"], ["18th", "+9/+4", "+6", "+6", "+11", "Hex, grand hex", "4", "4", "4", "4", "4", "4", "4", "3", "3", "2"], ["19th", "+9/+4", "+6", "+6", "+11", "—", "4", "4", "4", "4", "4", "4", "4", "4", "3", "3"], ["20th", "+10/+5", "+6", "+6", "+12", "Hex", "4", "4", "4", "4", "4", "4", "4", "4", "4", "4"]]
Wizard	[["", "Spells Per Day"], ["Level", "Base Attack Bonus", "Fort Save", "Ref Save", "Will Save", "Special", "0", "1st", "2nd", "3rd", "4th", "5th", "6th", "7th", "8th", "9th"], ["1st", "+0", "+0", "+0", "+2", "Arcane bond, arcane school, cantrips, Scribe Scroll", "3", "1", "-", "-", "-", "-", "-", "-", "-", "-"], ["2nd", "+1", "+0", "+0", "+3", "—", "4", "2", "-", "-", "-", "-", "-", "-", "-", "-"], ["3rd", "+1", "+1", "+1", "+3", "—", "4", "2", "1", "-", "-", "-", "-", "-", "-", "-"], ["4th", "+2", "+1", "+1", "+4", "—", "4", "3", "2", "-", "-", "-", "-", "-", "-", "-"], ["5th", "+2", "+1", "+1", "+4", "Bonus feat", "4", "3", "2", "1", "-", "-", "-", "-", "-", "-"], ["6th", "+3", "+2", "+2", "+5", "—", "4", "3", "3", "2", "-", "-", "-", "-", "-", "-"], ["7th", "+3", "+2", "+2", "+5", "—", "4", "4", "3", "2", "1", "-", "-", "-", "-", "-"], ["8th", "+4", "+2", "+2", "+6", "—", "4", "4", "3", "3", "2", "-", "-", "-", "-", "-"], ["9th", "+4", "+3", "+3", "+6", "—", "4", "4", "4", "3", "2", "1", "-", "-", "-", "-"], ["10th", "+5", "+3", "+3", "+7", "Bonus feat", "4", "4", "4", "3", "3", "2", "-", "-", "-", "-"], ["11th", "+5", "+3", "+3", "+7", "—", "4", "4", "4", "4", "3", "2", "1", "-", "-", "-"], ["12th", "+6/+1", "+4", "+4", "+8", "—", "4", "4", "4", "4", "3", "3", "2", "-", "-", "-"], ["13th", "+6/+1", "+4", "+4", "+8", "—", "4", "4", "4", "4", "4", "3", "2", "1", "-", "-"], ["14th", "+7/+2", "+4", "+4", "+9", "—", "4", "4", "4", "4", "4", "3", "3", "2", "-", "-"], ["15th", "+7/+2", "+5", "+5", "+9", "Bonus feat", "4", "4", "4", "4", "4", "4", "3", "2", "1", "-"], ["16th", "+8/+3", "+5", "+5", "+10", "—", "4", "4", "4", "4", "4", "4", "3", "3", "2", "-"], ["17th", "+8/+3", "+5", "+5", "+10", "—", "4", "4", "4", "4", "4", "4", "4", "3", "2", "1"], ["18th", "+9/+4", "+6", "+6", "+11", "—", "4", "4", "4", "4", "4", "4", "4", "3", "3", "2"], ["19th", "+9/+4", "+6", "+6", "+11", "—", "4", "4", "4", "4", "4", "4", "4", "4", "3", "3"], ["20th", "+10/+5", "+6", "+6", "+12", "Bonus feat", "4", "4", "4", "4", "4", "4", "4", "4", "4", "4"]]
Adept	[["", "Spells Per Day"], ["Level", "Base Attack Bonus", "Fort Save", "Ref Save", "Will Save", "Special", "0", "1st", "2nd", "3rd", "4th", "5th"], ["1st", "+0", "+0", "+0", "+2", "—", "3", "1", "-", "-", "-", "-"], ["2nd", "+1", "+0", "+0", "+3", "Summon familiar", "3", "1", "-", "-", "-", "-"], ["3rd", "+1", "+1", "+1", "+3", "—", "3", "2", "-", "-", "-", "-"], ["4th", "+2", "+1", "+1", "+4", "—", "3", "2", "0", "-", "-", "-"], ["5th", "+2", "+1", "+1", "+4", "—", "3", "2", "1", "-", "-", "-"], ["6th", "+3", "+2", "+2", "+5", "—", "3", "2", "1", "-", "-", "-"], ["7th", "+3", "+2", "+2", "+5", "—", "3", "3", "2", "-", "-", "-"], ["8th", "+4", "+2", "+2", "+6", "—", "3", "3", "2", "0", "-", "-"], ["9th", "+4", "+3", "+3", "+6", "—", "3", "3", "2", "1", "-", "-"], ["10th", "+5", "+3", "+3", "+7", "—", "3", "3", "2", "1", "-", "-"], ["11th", "+5", "+3", "+3", "+7", "—", "3", "3", "3", "2", "-", "-"], ["12th", "+6/+1", "+4", "+4", "+8", "—", "3", "3", "3", "2", "0", "-"], ["13th", "+6/+1", "+4", "+4", "+8", "—", "3", "3", "3", "2", "1", "-"], ["14th", "+7/+2", "+4", "+4", "+9", "—", "3", "3", "3", "2", "1", "-"], ["15th", "+7/+2", "+5", "+5", "+9", "—", "3", "3", "3", "3", "2", "-"], ["16th", "+8/+3", "+5", "+5", "+10", "—", "3", "3", "3", "3", "2", "0"], ["17th", "+8/+3", "+5", "+5", "+10", "—", "3", "3", "3", "3", "2", "1"], ["18th", "+9/+4", "+6", "+6", "+11", "—", "3", "3", "3", "3", "2", "1"], ["19th", "+9/+4", "+6", "+6", "+11", "—", "3", "3", "3", "3", "3", "2"], ["20th", "+10/+5", "+6", "+6", "+12", "—", "3", "3", "3", "3", "3", "2"]]
Aristocrat	[["Level", "Base Attack Bonus", "Fort Save", "Ref Save", "Will Save", "Special"], ["1st", "+0", "+0", "+0", "+2", "—"], ["2nd", "+1", "+0", "+0", "+3", "—"], ["3rd", "+2", "+1", "+1", "+3", "—"], ["4th", "+3", "+1", "+1", "+4", "—"], ["5th", "+3", "+1", "+1", "+4", "—"], ["6th", "+4", "+2", "+2", "+5", "—"], ["7th", "+5", "+2", "+2", "+5", "—"], ["8th", "+6/+1", "+2", "+2", "+6", "—"], ["9th", "+6/+1", "+3", "+3", "+6", "—"], ["10th", "+7/+2", "+3", "+3", "+7", "—"], ["11th", "+8/+3", "+3", "+3", "+7", "—"], ["12th", "+9/+4", "+4", "+4", "+8", "—"], ["13th", "+9/+4", "+4", "+4", "+8", "—"], ["14th", "+10/+5", "+4", "+4", "+9", "—"], ["15th", "+11/+6/+1", "+5", "+5", "+9", "—"], ["16th", "+12/+7/+2", "+5", "+5", "+10", "—"], ["17th", "+12/+7/+2", "+5", "+5", "+10", "—"], ["18th", "+13/+8/+3", "+6", "+6", "+11", "—"], ["19th", "+14/+9/+4", "+6", "+6", "+11", "—"], ["20th", "+15/+10/+5", "+6", "+6", "+12", "—"]]
Commoner	[["Level", "Base Attack Bonus", "Fort Save", "Ref Save", "Will Save", "Special"], ["1st", "+0", "+0", "+0", "+0", "—"], ["2nd", "+1", "+0", "+0", "+0", "—"], ["3rd", "+1", "+1", "+1", "+1", "—"], ["4th", "+2", "+1", "+1", "+1", "—"], ["5th", "+2", "+1", "+1", "+1", "—"], ["6th", "+3", "+2", "+2", "+2", "—"], ["7th", "+3", "+2", "+2", "+2", "—"], ["8th", "+4", "+2", "+2", "+2", "—"], ["9th", "+4", "+3", "+3", "+3", "—"], ["10th", "+5", "+3", "+3", "+3", "—"], ["11th", "+5", "+3", "+3", "+3", "—"], ["12th", "+6/+1", "+4", "+4", "+4", "—"], ["13th", "+6/+1", "+4", "+4", "+4", "—"], ["14th", "+7/+2", "+4", "+4", "+4", "—"], ["15th", "+7/+2", "+5", "+5", "+5", "—"], ["16th", "+8/+3", "+5", "+5", "+5", "—"], ["17th", "+8/+3", "+5", "+5", "+5", "—"], ["18th", "+9/+4", "+6", "+6", "+6", "—"], ["19th", "+9/+4", "+6", "+6", "+6", "—"], ["20th", "+10/+5", "+6", "+6", "+6", "—"]]
Expert	[["Level", "Base Attack Bonus", "Fort Save", "Ref Save", "Will Save", "Special"], ["1st", "+0", "+0", "+0", "+2", "—"], ["2nd", "+1", "+0", "+0", "+3", "—"], ["3rd", "+2", "+1", "+1", "+3", "—"], ["4th", "+3", "+1", "+1", "+4", "—"], ["5th", "+3", "+1", "+1", "+4", "—"], ["6th", "+4", "+2", "+2", "+5", "—"], ["7th", "+5", "+2", "+2", "+5", "—"], ["8th", "+6/+1", "+2", "+2", "+6", "—"], ["9th", "+6/+1", "+3", "+3", "+6", "—"], ["10th", "+7/+2", "+3", "+3", "+7", "—"], ["11th", "+8/+3", "+3", "+3", "+7", "—"], ["12th", "+9/+4", "+4", "+4", "+8", "—"], ["13th", "+9/+4", "+4", "+4", "+8", "—"], ["14th", "+10/+5", "+4", "+4", "+9", "—"], ["15th", "+11/+6/+1", "+5", "+5", "+9", "—"], ["16th", "+12/+7/+2", "+5", "+5", "+10", "—"], ["17th", "+12/+7/+2", "+5", "+5", "+10", "—"], ["18th", "+13/+8/+3", "+6", "+6", "+11", "—"], ["19th", "+14/+9/+4", "+6", "+6", "+11", "—"], ["20th", "+15/+10/+5", "+6", "+6", "+12", "—"]]
Warrior	[["Level", "Base Attack Bonus", "Fort Save", "Ref Save", "Will Save", "Special"], ["1st", "+1", "+2", "+0", "+0", "—"], ["2nd", "+2", "+3", "+0", "+0", "—"], ["3rd", "+3", "+3", "+1", "+1", "—"], ["4th", "+4", "+4", "+1", "+1", "—"], ["5th", "+5", "+4", "+1", "+1", "—"], ["6th", "+6/+1", "+5", "+2", "+2", "—"], ["7th", "+7/+2", "+5", "+2", "+2", "—"], ["8th", "+8/+3", "+6", "+2", "+2", "—"], ["9th", "+9/+4", "+6", "+3", "+3", "—"], ["10th", "+10/+5", "+7", "+3", "+3", "—"], ["11th", "+11/+6/+1", "+7", "+3", "+3", "—"], ["12th", "+12/+7/+2", "+8", "+4", "+4", "—"], ["13th", "+13/+8/+3", "+8", "+4", "+4", "—"], ["14th", "+14/+9/+4", "+9", "+4", "+4", "—"], ["15th", "+15/+10/+5", "+9", "+5", "+5", "—"], ["16th", "+16/+11/+6/+1", "+10", "+5", "+5", "—"], ["17th", "+17/+12/+7/+2", "+10", "+5", "+5", "—"], ["18th", "+18/+13/+8/+3", "+11", "+6", "+6", "—"], ["19th", "+19/+14/+9/+4", "+11", "+6", "+6", "—"], ["20th", "+20/+15/+10/+5", "+12", "+6", "+6", "—"]]
